name,url,category,region,status,final_url,redirected,error,scanned_at,header_Content-Security-Policy,header_Strict-Transport-Security,header_X-Frame-Options,header_X-Content-Type-Options,header_Referrer-Policy,header_Permissions-Policy,header_Content-Security-Policy-Report-Only,header_X-XSS-Protection,header_X-Frame-Options-Report-Only
Portal do Governo de Mocambique,https://www.govnet.gov.mz,government,mz,,,,"ConnectTimeout: HTTPSConnectionPool(host='www.govnet.gov.mz', port=443): Max retries exceeded with url: / (Caused by ConnectTimeoutError(<HTTPSConnection(host='www.govnet.gov.mz', port=443) at 0x7f813",2026-09-28 09:41:23,,,,,,,,,
Ministerio das Financas,https://www.mf.gov.mz,government,mz,403,https://www.mf.gov.mz/,no,,2026-09-28 09:41:23,,,,,,,,,
Ministerio da Saude (MISAU),https://www.misau.gov.mz,government,mz,,,,"SSLError: HTTPSConnectionPool(host='www.misau.gov.mz', port=443): Max retries exceeded with url: / (Caused by SSLError(SSLCertVerificationError(1, '[SSL: CERTIFICATE_VERIFY_FAILED] certificate verify ",2026-09-28 09:41:23,,,,,,,,,
Ministerio da Educacao (MINEDH),https://www.minedh.gov.mz,government,mz,,,,"ConnectionError: HTTPSConnectionPool(host='www.minedh.gov.mz', port=443): Max retries exceeded with url: / (Caused by NameResolutionError(""HTTPSConnection(host='www.minedh.gov.mz', port=443): Failed t",2026-09-28 09:41:23,,,,,,,,,
Ministerio da Economia e Financas,https://www.mef.gov.mz,government,mz,403,https://www.mef.gov.mz/,no,,2026-09-28 09:41:23,,,,,,,,,
Ministerio dos Negocios Estrangeiros,https://www.minec.gov.mz,government,mz,200,https://minec.gov.mz/,yes,,2026-09-28 09:41:23,,,,,,,,,
Ministerio do Interior,https://www.interior.gov.mz,government,mz,,,,"ConnectionError: HTTPSConnectionPool(host='www.interior.gov.mz', port=443): Max retries exceeded with url: / (Caused by NameResolutionError(""HTTPSConnection(host='www.interior.gov.mz', port=443): Fail",2026-09-28 09:41:23,,,,,,,,,
Ministerio da Justica,https://www.mj.gov.mz,government,mz,,,,"SSLError: HTTPSConnectionPool(host='www.mj.gov.mz', port=443): Max retries exceeded with url: / (Caused by SSLError(SSLCertVerificationError(1, ""[SSL: CERTIFICATE_VERIFY_FAILED] certificate verify fai",2026-09-28 09:41:23,,,,,,,,,
Ministerio do Trabalho,https://www.maefp.gov.mz,government,mz,,,,"SSLError: HTTPSConnectionPool(host='www.maefp.gov.mz', port=443): Max retries exceeded with url: / (Caused by SSLError(SSLCertVerificationError(1, '[SSL: CERTIFICATE_VERIFY_FAILED] certificate verify ",2026-09-28 09:41:23,,,,,,,,,
Ministerio da Agricultura,https://www.agricultura.gov.mz,government,mz,200,https://www.agricultura.gov.mz/,no,,2026-09-28 09:41:23,,,,,,,,,
Ministerio dos Recursos Minerais,https://www.mireme.gov.mz,government,mz,200,https://mireme.gov.mz/,yes,,2026-09-28 09:41:25,upgrade-insecure-requests;,max-age=63072000,SAMEORIGIN,nosniff,strict-origin-when-cross-origin,"accelerometer=(), autoplay=(), camera=(), cross-origin-isolated=(), display-capture=(self), encrypted-media=(), fullscreen=*, geolocation=(self), gyroscope=(), keyboard-map=(), magnetometer=(), microphone=(), midi=(), payment=*, picture-in-picture=*, publickey-credentials-get=(), screen-wake-lock=(), sync-xhr=*, usb=(), xr-spatial-tracking=(), gamepad=(), serial=()",,,
Ministerio das Obras Publicas,https://www.moprh.gov.mz,government,mz,,,,"ConnectionError: HTTPSConnectionPool(host='www.moprh.gov.mz', port=443): Max retries exceeded with url: / (Caused by NameResolutionError(""HTTPSConnection(host='www.moprh.gov.mz', port=443): Failed to ",2026-09-28 09:41:25,,,,,,,,,
Autoridade Tributaria de Mocambique,https://www.at.gov.mz,government,mz,,,,"SSLError: HTTPSConnectionPool(host='www.at.gov.mz', port=443): Max retries exceeded with url: / (Caused by SSLError(SSLCertVerificationError(1, '[SSL: CERTIFICATE_VERIFY_FAILED] certificate verify fai",2026-09-28 09:41:25,,,,,,,,,
INE Mocambique,https://www.ine.gov.mz,government,mz,,,,"SSLError: HTTPSConnectionPool(host='www.ine.gov.mz', port=443): Max retries exceeded with url: / (Caused by SSLError(SSLCertVerificationError(1, '[SSL: CERTIFICATE_VERIFY_FAILED] certificate verify fa",2026-09-28 09:41:25,,,,,,,,,
Banco de Mocambique,https://www.bancomoc.mz,government,mz,200,https://www.bancomoc.mz/,no,,2026-09-28 09:41:25,,,SAMEORIGIN,nosniff,,,,1; mode=block,
UITA Mocambique,https://www.uita.gov.mz,government,mz,,,,"ConnectionError: HTTPSConnectionPool(host='www.uita.gov.mz', port=443): Max retries exceeded with url: / (Caused by NameResolutionError(""HTTPSConnection(host='www.uita.gov.mz', port=443): Failed to re",2026-09-28 09:41:26,,,,,,,,,
CNE Mocambique,https://www.cne.org.mz,government,mz,,,,"SSLError: HTTPSConnectionPool(host='www.cne.org.mz', port=443): Max retries exceeded with url: / (Caused by SSLError(SSLCertVerificationError(1, '[SSL: CERTIFICATE_VERIFY_FAILED] certificate verify fa",2026-09-28 09:41:26,,,,,,,,,
MZweb Portal,https://www.portaldogoverno.gov.mz,government,mz,200,https://portaldogoverno.gov.mz/,yes,,2026-09-28 09:41:27,,,,,,,,,
Banco Comercial e de Investimentos,https://www.bci.co.mz,finance,mz,200,https://www.bci.co.mz/,no,,2026-09-28 09:41:27,frame-ancestors 'self'; object-src 'none';,max-age=31536000; includeSubdomains,SAMEORIGIN,nosniff,,,,1; mode=block,
Banco Internacional de Mocambique,https://www.bim.co.mz,finance,mz,,,,"SSLError: HTTPSConnectionPool(host='www.bim.co.mz', port=443): Max retries exceeded with url: / (Caused by SSLError(SSLCertVerificationError(1, ""[SSL: CERTIFICATE_VERIFY_FAILED] certificate verify fai",2026-09-28 09:41:27,,,,,,,,,
Standard Bank Mocambique,https://www.standardbank.co.mz,finance,mz,403,https://www.standardbank.co.mz/,no,,2026-09-28 09:41:28,default-src 'none'; script-src 'nonce-1rrf1PKj0kQUrZXLzrsJ30' 'unsafe-eval' https://challenges.cloudflare.com; script-src-attr 'none'; style-src 'unsafe-inline'; img-src 'self' https://challenges.cloudflare.com; connect-src 'self' https://challenges.cloudflare.com; frame-src 'self' https://challenges.cloudflare.com blob:; child-src 'self' https://challenges.cloudflare.com blob:; worker-src blob:; form-action http: https:; base-uri 'self',,SAMEORIGIN,nosniff,same-origin,"accelerometer=(),camera=(),clipboard-read=(),clipboard-write=(),geolocation=(),gyroscope=(),hid=(),magnetometer=(),microphone=(),payment=(),publickey-credentials-get=(),screen-wake-lock=(),serial=(),sync-xhr=(),usb=(),xr-spatial-tracking=*",,,
Absa Bank Mocambique,https://www.absa.co.mz,finance,mz,200,https://www.absa.co.mz/pt/banca-pessoal/,yes,,2026-09-28 09:41:29,script-src 'self' 'unsafe-inline' 'unsafe-eval' api.salemove.com api.salemove.eu ui.customsearch.ai analytics.twitter.com assets.adobedtm.com connect.facebook.net static.ads-twitter.com www.googleadservices.com maps.googleapis.com cdn.tt.omtrdc.net absa.tt.omtrdc.net www.google.com www.gstatic.com analytics.analytics-egain.com abdemo.egain.cloud absablog-dev.disqus.com absablog-sit.disqus.com absablog-uat.disqus.com absablog-prod.disqus.com ajax.googleapis.com platform.twitter.com platform.linkedin.com assets.pinterest.com c.disquscdn.com disqus.com secure.rating-widget.com log.pinterest.com rating-widget.com s.ytimg.com www.youtube.com youtube.com esb.ext.api.uat.absa.co.za client.crisp.chat googleads.g.doubleclick.net www.google.co.za www.google.pl dsp-aud.eskimi.com dsp.eskimi.com dsp-pix.eskimi.com dsp-media.eskimi.com cdn.syndication.twimg.com cse.google.com api-iam.intercom.io api.salemove.eu app.salemove.eu asset-proxy.salemove.eu assets.salemove.eu chunderw-gll.twilio.com chunderw-vpc-gll.twilio.com client-logger.salemove.eu eventgw.twilio.com fonts.googleapis.com fonts.gstatic.com io.salemove.eu js.intercomcdn.com kluster.ws.salemove.eu libs.salemove.com maps.googleapis.com maps.gstatic.com media.twiliocdn.com nexus-websocket-a.intercom.io nexus-websocket-b.intercom.io s3-eu-west-1.amazonaws.com s3.amazonaws.com uplot.salemove.eu widget.intercom.io googletagmanager.com www.googletagmanager.com js-agent.newrelic.com bam.nr-data.net bam-cell.nr-data.net fls.doubleclick.net tt.mbww.com pixel.mathtag.com snap.licdn.com sc-static.net analytics.tiktok.com bat.bing.com fpt.absa.co.za fpt.absa.com.gh fpt.absabank.co.ke fpt.absabank.mu fpt.absa.co.mz fpt.absa.sc fpt.absa.co.tz fpt.absa.co.ug fpt.absa.co.zm fpt.absa.co.bw capi.absa.co.za s2s.absa.co.za p.teads.tv absa2--a2sadcdev.sandbox.my.site.com absa2--a2sadcdev.sandbox.my.salesforce-scrt.com absa2--a2uat.sandbox.my.site.com absa2--a2uat.sandbox.my.salesforce-scrt.com absa2.my.site.com absa2.my.salesforce-scrt.com absa-en-za-stage-webview-library-service.kitsys.net absa-en-za-stage.kitsys.net,"max-age=15768000, max-age=31536000; includeSubDomains",SAMEORIGIN,nosniff,no-referrer-when-downgrade,,,1; mode=block,
Banco Unico,https://www.bancounico.co.mz,finance,mz,,,,"ConnectionError: HTTPSConnectionPool(host='www.bancounico.co.mz', port=443): Max retries exceeded with url: / (Caused by NameResolutionError(""HTTPSConnection(host='www.bancounico.co.mz', port=443): Fa",2026-09-28 09:41:29,,,,,,,,,
Societe Generale Mocambique,https://societegenerale.co.mz,finance,mz,,,,"ConnectionError: HTTPSConnectionPool(host='societegenerale.co.mz', port=443): Max retries exceeded with url: / (Caused by NameResolutionError(""HTTPSConnection(host='societegenerale.co.mz', port=443): ",2026-09-28 09:41:29,,,,,,,,,
Banco Mais,https://www.bankmais.co.mz,finance,mz,,,,"ConnectionError: HTTPSConnectionPool(host='www.bankmais.co.mz', port=443): Max retries exceeded with url: / (Caused by NameResolutionError(""HTTPSConnection(host='www.bankmais.co.mz', port=443): Failed",2026-09-28 09:41:29,,,,,,,,,
Letshego Mocambique,https://www.letshego.co.mz,finance,mz,,,,"ConnectionError: HTTPSConnectionPool(host='www.letshego.co.mz', port=443): Max retries exceeded with url: / (Caused by NameResolutionError(""HTTPSConnection(host='www.letshego.co.mz', port=443): Failed",2026-09-28 09:41:30,,,,,,,,,
Hollard Mocambique,https://www.hollard.co.mz,finance,mz,200,https://www.hollard.co.mz/,no,,2026-09-28 09:41:30,frame-ancestors 'self',max-age=31536000; includeSubDomains,,,,,,,
Fidelidade Mocambique,https://www.fidelidade.co.mz,finance,mz,,,,"ConnectTimeout: HTTPSConnectionPool(host='www.fidelidade.co.mz', port=443): Max retries exceeded with url: / (Caused by ConnectTimeoutError(<HTTPSConnection(host='www.fidelidade.co.mz', port=443) at 0",2026-09-28 09:41:30,,,,,,,,,
Old Mutual Mocambique,https://www.oldmutual.co.mz,finance,mz,,,,"ConnectTimeout: HTTPSConnectionPool(host='www.oldmutual.co.mz', port=443): Max retries exceeded with url: / (Caused by ConnectTimeoutError(<HTTPSConnection(host='www.oldmutual.co.mz', port=443) at 0x7",2026-09-28 09:41:30,,,,,,,,,
EMOSE Seguros,https://www.emose.co.mz,finance,mz,,,,"SSLError: HTTPSConnectionPool(host='www.emose.co.mz', port=443): Max retries exceeded with url: / (Caused by SSLError(SSLCertVerificationError(1, '[SSL: CERTIFICATE_VERIFY_FAILED] certificate verify f",2026-09-28 09:41:30,,,,,,,,,
Banco Nacional de Investimento,https://www.bni.co.mz,finance,mz,200,https://www.bni.co.mz/,no,,2026-09-28 09:41:30,upgrade-insecure-requests,,,,,,,,
Instituto Nacional de Seguranca Social,https://www.inss.gov.mz,finance,mz,200,https://www.inss.gov.mz/,no,,2026-09-28 09:41:31,,,,,,,,,
Universidade Eduardo Mondlane,https://www.uem.ac.mz,education,mz,,,,"ConnectionError: HTTPSConnectionPool(host='www.uem.ac.mz', port=443): Max retries exceeded with url: / (Caused by NameResolutionError(""HTTPSConnection(host='www.uem.ac.mz', port=443): Failed to resolv",2026-09-28 09:41:31,,,,,,,,,
Universidade Catolica de Mocambique,https://www.ucm.ac.mz,education,mz,200,https://ucm.ac.mz/,yes,,2026-09-28 09:41:31,upgrade-insecure-requests,,,,,,,,
Universidade Lurio,https://www.unilurio.ac.mz,education,mz,200,https://www.unilurio.ac.mz/unilurio/pt/,yes,,2026-09-28 09:41:31,,,,,,,,,
Universidade Pedagogica,https://www.up.ac.mz,education,mz,200,https://www.up.ac.mz/,no,,2026-09-28 09:41:32,default-src 'self'; script-src 'self' 'unsafe-inline' 'unsafe-eval'; style-src 'self' 'unsafe-inline'; img-src 'self' data:; font-src 'self' data:; connect-src 'self'; frame-ancestors 'self';,max-age=31536000; includeSubDomains; preload,SAMEORIGIN,"nosniff, nosniff",strict-origin-when-cross-origin,,,1; mode=block,
Universidade Tecnica de Mocambique,https://www.udsm.edu.mz,education,mz,,,,"ConnectionError: HTTPSConnectionPool(host='www.udsm.edu.mz', port=443): Max retries exceeded with url: / (Caused by NameResolutionError(""HTTPSConnection(host='www.udsm.edu.mz', port=443): Failed to re",2026-09-28 09:41:34,,,,,,,,,
UPC - Universidade Politecnica,https://www.upc.ac.mz,education,mz,,,,"ConnectionError: HTTPSConnectionPool(host='www.upc.ac.mz', port=443): Max retries exceeded with url: / (Caused by NameResolutionError(""HTTPSConnection(host='www.upc.ac.mz', port=443): Failed to resolv",2026-09-28 09:41:34,,,,,,,,,
ISCAM,https://www.iscam.ac.mz,education,mz,200,https://www.iscam.ac.mz/,no,,2026-09-28 09:41:34,,,,,,,,,
ISCED,https://www.isced.ac.mz,education,mz,,,,"SSLError: HTTPSConnectionPool(host='www.isced.ac.mz', port=443): Max retries exceeded with url: / (Caused by SSLError(SSLCertVerificationError(1, ""[SSL: CERTIFICATE_VERIFY_FAILED] certificate verify f",2026-09-28 09:41:35,,,,,,,,,
UEM - Faculdade de Engenharia,https://www.feng.uem.mz,education,mz,,,,"ConnectionError: HTTPSConnectionPool(host='www.feng.uem.mz', port=443): Max retries exceeded with url: / (Caused by NameResolutionError(""HTTPSConnection(host='www.feng.uem.mz', port=443): Failed to re",2026-09-28 09:41:35,,,,,,,,,
Instituto Superior de Ciencias de Saude,https://www.iscas.ac.mz,education,mz,,,,"ConnectionError: HTTPSConnectionPool(host='www.iscas.ac.mz', port=443): Max retries exceeded with url: / (Caused by NameResolutionError(""HTTPSConnection(host='www.iscas.ac.mz', port=443): Failed to re",2026-09-28 09:41:36,,,,,,,,,
Instituto Superior de Tecnologias de Mocambique,https://www.istmo.edu.mz,education,mz,,,,"ConnectionError: HTTPSConnectionPool(host='www.istmo.edu.mz', port=443): Max retries exceeded with url: / (Caused by NameResolutionError(""HTTPSConnection(host='www.istmo.edu.mz', port=443): Failed to ",2026-09-28 09:41:36,,,,,,,,,
Universidade Sao Tomas de Mocambique,https://www.ucm.ac.mz/ustm,education,mz,404,https://ucm.ac.mz/ustm,yes,,2026-09-28 09:41:36,upgrade-insecure-requests,,,,,,,,
Studocu MZ,https://www.studocu.com/mz,education,mz,404,https://www.studocu.com/mz,no,,2026-09-28 09:41:36,,,,,,,,,
Guru MZ,https://www.guru.co.mz,education,mz,,,,"ConnectionError: HTTPSConnectionPool(host='www.guru.co.mz', port=443): Max retries exceeded with url: / (Caused by NameResolutionError(""HTTPSConnection(host='www.guru.co.mz', port=443): Failed to reso",2026-09-28 09:41:36,,,,,,,,,
Gil Soap,https://www.gilsoap.co.mz,commercial,mz,,,,"ConnectionError: HTTPSConnectionPool(host='www.gilsoap.co.mz', port=443): Max retries exceeded with url: / (Caused by NameResolutionError(""HTTPSConnection(host='www.gilsoap.co.mz', port=443): Failed t",2026-09-28 09:41:37,,,,,,,,,
TDM Telecomunicacoes,https://www.tdm.co.mz,commercial,mz,,,,"ConnectionError: HTTPSConnectionPool(host='www.tdm.co.mz', port=443): Max retries exceeded with url: / (Caused by NameResolutionError(""HTTPSConnection(host='www.tdm.co.mz', port=443): Failed to resolv",2026-09-28 09:41:37,,,,,,,,,
TV Miramar,https://www.tvmiramar.co.mz,commercial,mz,,,,"ConnectionError: HTTPSConnectionPool(host='www.tvmiramar.co.mz', port=443): Max retries exceeded with url: / (Caused by NameResolutionError(""HTTPSConnection(host='www.tvmiramar.co.mz', port=443): Fail",2026-09-28 09:41:37,,,,,,,,,
STV de Mocambique,https://www.stv.co.mz,commercial,mz,200,https://www.stvplay.co.mz/browse,yes,,2026-09-28 09:41:37,,max-age=31536000; includeSubDomains,SAMEORIGIN,nosniff,strict-origin-when-cross-origin,,,0,
SAPO Mocambique,https://sapo.co.mz,commercial,mz,,,,"ConnectionError: HTTPSConnectionPool(host='sapo.co.mz', port=443): Max retries exceeded with url: / (Caused by NameResolutionError(""HTTPSConnection(host='sapo.co.mz', port=443): Failed to resolve 'sap",2026-09-28 09:41:37,,,,,,,,,
Cerveja 2M,https://www.2m.co.mz,commercial,mz,,,,"ConnectionError: HTTPSConnectionPool(host='www.2m.co.mz', port=443): Max retries exceeded with url: / (Caused by NameResolutionError(""HTTPSConnection(host='www.2m.co.mz', port=443): Failed to resolve ",2026-09-28 09:41:37,,,,,,,,,
CDM - Cervejas de Mocambique,https://www.cdm.co.mz,commercial,mz,200,https://cdm.co.mz/,yes,,2026-09-28 09:41:37,,,,,,,,,
Sasol Mocambique,https://www.sasol.co.mz,commercial,mz,200,https://www.sasol.com/,yes,,2026-09-28 09:41:37,upgrade-insecure-requests;,,"SAMEORIGIN, SAMEORIGIN","nosniff, nosniff",,,,1; mode=block,
Anadarko MZ,https://www.anadarko.com,commercial,mz,,,,"ConnectionError: HTTPSConnectionPool(host='www.anadarko.com', port=443): Max retries exceeded with url: / (Caused by NameResolutionError(""HTTPSConnection(host='www.anadarko.com', port=443): Failed to ",2026-09-28 09:41:38,,,,,,,,,
Mozal,https://www.mozal.co.mz,commercial,mz,,,,"ConnectionError: HTTPSConnectionPool(host='www.mozal.co.mz', port=443): Max retries exceeded with url: / (Caused by NameResolutionError(""HTTPSConnection(host='www.mozal.co.mz', port=443): Failed to re",2026-09-28 09:41:38,,,,,,,,,
Petromoc,https://www.petromoc.co.mz,commercial,mz,200,https://www.petromoc.co.mz/,no,,2026-09-28 09:41:38,,max-age=31536000; includeSubDomains,,,,"private-state-token-redemption=(self ""https://www.google.com"" ""https://www.gstatic.com"" ""https://recaptcha.net"" ""https://challenges.cloudflare.com"" ""https://hcaptcha.com""), private-state-token-issuance=(self ""https://www.google.com"" ""https://www.gstatic.com"" ""https://recaptcha.net"" ""https://challenges.cloudflare.com"" ""https://hcaptcha.com"")",,,
ENH - Energeticidade Nacional,https://www.enh.co.mz,commercial,mz,200,https://www.enh.co.mz/,no,,2026-09-28 09:41:38,,,,,,,,,
CFM - Portos e Caminhos de Ferro,https://www.cfm.co.mz,commercial,mz,200,https://www.cfm.co.mz/,no,,2026-09-28 09:41:39,upgrade-insecure-requests,max-age=31536000; includeSubDomains; preload,,nosniff,strict-origin-when-cross-origin,"geolocation=(), microphone=(), camera=()",,1; mode=block,
LAM - Linhas Aereas de Mocambique,https://www.lam.co.mz,commercial,mz,200,https://www.lam.co.mz/,no,,2026-09-28 09:41:39,,max-age=31536000; includeSubDomains,,,,,,,
Airlink MZ,https://www.flyairlink.com,commercial,mz,200,https://www.flyairlink.com/,no,,2026-09-28 09:41:40,frame-ancestors https://*.airlink.carsbookingengine.com https://airlink.carsbookingengine.com;,max-age=31536000; includeSubDomains; preload,SAMEORIGIN,nosniff,,,,,
Mcel,https://www.mcel.co.mz,commercial,mz,,,,"ConnectionError: HTTPSConnectionPool(host='www.mcel.co.mz', port=443): Max retries exceeded with url: / (Caused by NameResolutionError(""HTTPSConnection(host='www.mcel.co.mz', port=443): Failed to reso",2026-09-28 09:41:40,,,,,,,,,
Movitel,https://www.movitel.co.mz,commercial,mz,200,https://www.movitel.co.mz/,no,,2026-09-28 09:41:41,,,SAMEORIGIN,nosniff,,,,1; mode=block,
Vodacom Mocambique,https://www.vodacom.co.mz,commercial,mz,200,https://www.vm.co.mz:443/,yes,,2026-09-28 09:41:41,default-src 'self'; base-uri 'self'; object-src 'none'; script-src 'self' 'unsafe-inline' https://www.googletagmanager.com https://apps.mypurecloud.ie; style-src 'self' 'unsafe-inline'; img-src 'self' https: data: blob:; font-src 'self' data:; media-src 'self' https: blob:; connect-src 'self' https: wss:; frame-src 'self' https:; worker-src 'self' blob:; frame-ancestors 'self',max-age=31536000,SAMEORIGIN,nosniff,strict-origin-when-cross-origin,"camera=(self), geolocation=(self), microphone=(), payment=(), usb=(), clipboard-read=(), clipboard-write=()",,1; mode=block,
Tmcel,https://www.tmcel.co.mz,commercial,mz,,,,"ConnectTimeout: HTTPSConnectionPool(host='www.tmcel.co.mz', port=443): Max retries exceeded with url: / (Caused by ConnectTimeoutError(<HTTPSConnection(host='www.tmcel.co.mz', port=443) at 0x7f813a9ef",2026-09-28 09:41:41,,,,,,,,,
Solaris Tech MZ,https://www.solaris.co.mz,commercial,mz,,,,"ConnectionError: HTTPSConnectionPool(host='www.solaris.co.mz', port=443): Max retries exceeded with url: / (Caused by NameResolutionError(""HTTPSConnection(host='www.solaris.co.mz', port=443): Failed t",2026-09-28 09:41:42,,,,,,,,,
Uab Bank,https://www.uabbank.co.mz,finance,mz,,,,"ConnectionError: HTTPSConnectionPool(host='www.uabbank.co.mz', port=443): Max retries exceeded with url: / (Caused by NameResolutionError(""HTTPSConnection(host='www.uabbank.co.mz', port=443): Failed t",2026-09-28 09:41:43,,,,,,,,,
Escola Portuguesa de Mocambique,https://www.epm.ac.mz,education,mz,,,,"ConnectionError: HTTPSConnectionPool(host='www.epm.ac.mz', port=443): Max retries exceeded with url: / (Caused by NameResolutionError(""HTTPSConnection(host='www.epm.ac.mz', port=443): Failed to resolv",2026-09-28 09:41:43,,,,,,,,,
Google,https://www.google.com,commercial,global,200,https://www.google.com/,no,,2026-09-28 09:41:43,,,SAMEORIGIN,,,,object-src 'none';base-uri 'self';script-src 'nonce-VLHQj0RVhJR39XRt4_FNXA' 'strict-dynamic' 'report-sample' 'unsafe-eval' 'unsafe-inline' https: http:;report-uri https://csp.withgoogle.com/csp/gws/other-hp,0,
YouTube,https://www.youtube.com,commercial,global,200,https://www.youtube.com/,no,,2026-09-28 09:41:43,"base-uri 'self';object-src 'none';script-src 'report-sample' 'nonce-8jpYZibyh037SnPFWqScdA' 'unsafe-inline' 'strict-dynamic' https: http: 'unsafe-eval';report-uri https://csp.withgoogle.com/csp/youtube_main/strict, require-trusted-types-for 'script'",max-age=31536000,SAMEORIGIN,nosniff,,"ch-ua-arch=*, ch-ua-bitness=*, ch-ua-full-version=*, ch-ua-full-version-list=*, ch-ua-model=*, ch-ua-wow64=*, ch-ua-form-factors=*, ch-ua-platform=*, ch-ua-platform-version=*",,0,
Facebook,https://www.facebook.com,commercial,global,200,https://www.facebook.com/,no,,2026-09-28 09:41:43,default-src blob: 'self' https://*.fbsbx.com *.facebook.com *.fbcdn.net *.facebook.net *.whatsapp.com *.whatsapp.net;script-src *.facebook.com *.fbcdn.net *.facebook.net 127.0.0.1:* 'nonce-8wrb3n9M' blob: 'self' connect.facebook.net 'unsafe-eval' https://accounts.google.com https://*.google-analytics.com *.google.com;style-src *.fbcdn.net data: *.facebook.com 'unsafe-inline' https://accounts.google.com https://fonts.googleapis.com;connect-src *.facebook.com facebook.com *.fbcdn.net *.facebook.net wss://*.facebook.com:* wss://*.whatsapp.com:* wss://*.fbcdn.net attachment.fbsbx.com ws://localhost:* blob: *.cdninstagram.com 'self' http://localhost:3103 wss://gateway.facebook.com wss://edge-chat.facebook.com wss://snaptu-d.facebook.com wss://kaios-d.facebook.com/ v.whatsapp.net *.fbsbx.com *.fb.com *.instagram.com *.ipification.com https://accounts.google.com https://*.google-analytics.com;font-src data: *.facebook.com *.fbcdn.net *.fbsbx.com https://fonts.gstatic.com;img-src *.fbcdn.net *.facebook.com data: https://*.fbsbx.com facebook.com *.cdninstagram.com fbsbx.com fbcdn.net connect.facebook.net blob: android-webview-video-poster: *.whatsapp.net *.fb.com *.oculuscdn.com *.tenor.co *.tenor.com *.giphy.com https://trustly.one/ https://*.trustly.one/ https://paywithmybank.com/ https://*.paywithmybank.com/ https://www.googleadservices.com https://googleads.g.doubleclick.net https://*.google-analytics.com;media-src *.cdninstagram.com blob: *.fbcdn.net *.fbsbx.com www.facebook.com *.facebook.com data: *.tenor.co *.tenor.com https://*.giphy.com;child-src data: blob: 'self' https://*.fbsbx.com *.facebook.com *.fbcdn.net;frame-src *.facebook.com *.fbsbx.com fbsbx.com data: www.instagram.com *.fbcdn.net accounts.meta.com *.accounts.meta.com *.fbthirdpartypixel.com *.ipification.com https://trustly.one/ https://*.trustly.one/ https://paywithmybank.com/ https://*.paywithmybank.com/ https://www.googleadservices.com https://googleads.g.doubleclick.net https://www.google.com https://td.doubleclick.net *.google.com *.doubleclick.net;manifest-src data: blob: 'self' https://*.fbsbx.com *.facebook.com *.fbcdn.net;object-src data: blob: 'self' https://*.fbsbx.com *.facebook.com *.fbcdn.net;worker-src blob: *.facebook.com data:;block-all-mixed-content;upgrade-insecure-requests;,max-age=15552000; preload,DENY,nosniff,,"accelerometer=(), attribution-reporting=(self), autoplay=(), bluetooth=(), browsing-topics=(self), camera=(self ""https://www.fbsbx.com""), ch-device-memory=(), ch-downlink=(), ch-dpr=(), ch-ect=(), ch-rtt=(), ch-save-data=(), ch-ua-arch=(), ch-ua-bitness=(), ch-viewport-height=(), ch-viewport-width=(), ch-width=(), clipboard-read=(self), clipboard-write=(self), compute-pressure=(), display-capture=(self), encrypted-media=(self), fullscreen=(self), gamepad=*, geolocation=(self), gyroscope=(), hid=(), idle-detection=(), interest-cohort=(self), keyboard-map=(), local-fonts=(), magnetometer=(), microphone=(self), midi=(), otp-credentials=(), payment=(), picture-in-picture=(self), private-state-token-issuance=(), publickey-credentials-get=(self), screen-wake-lock=(), serial=(), shared-storage=(), shared-storage-select-url=(), private-state-token-redemption=(), usb=(), unload=(self), window-management=(), xr-spatial-tracking=(self);report-to=""permissions_policy""",,0,
Instagram,https://www.instagram.com,commercial,global,200,https://www.instagram.com/,no,,2026-09-28 09:41:43,default-src *.facebook.com *.fbcdn.net *.instagram.com blob:;script-src *.instagram.com static.cdninstagram.com z-p42-static.cdninstagram.com https://instagram.com https://*.www.instagram.com https://*.cdninstagram.com wss://www.instagram.com blob: *.facebook.com *.fbcdn.net *.facebook.net 127.0.0.1:* 'nonce-Q5rtcxgG' 'self' 'unsafe-eval' https://*.google-analytics.com https://translate.google.com https://apis.google.com https://accounts.google.com;style-src *.instagram.com static.cdninstagram.com z-p42-static.cdninstagram.com https://*.www.instagram.com data: blob: 'unsafe-inline' *.fbcdn.net *.facebook.com https://accounts.google.com;connect-src *.instagram.com wss://edge-chat.instagram.com connect.facebook.net https://instagram.com https://*.www.instagram.com https://*.graph.instagram.com https://*.i.instagram.com https://*.od.instagram.com https://i.threads.net https://i.threads.com https://*.od.threads.net https://*.od.threads.com wss://www.instagram.com blob: *.facebook.com facebook.com *.fbcdn.net *.facebook.net wss://*.facebook.com:* ws://localhost:* *.cdninstagram.com wss://*.instagram.com:* 'self' *.ipification.com https://accounts.google.com https://meta.privacy-gateway.cloudflare.com/relay;font-src *.instagram.com static.cdninstagram.com z-p42-static.cdninstagram.com data: *.fbcdn.net *.intern.facebook.com *.facebook.com https://*.cdninstagram.com https://fonts.gstatic.com;img-src *.instagram.com *.facebook.com *.fbcdn.net data: *.cdninstagram.com *.whatsapp.net blob: https://*.threads.net https://*.threads.com *.fbsbx.com android-webview-video-poster: *.oculuscdn.com *.giphy.com *.tenor.co *.tenor.com www.googleadservices.com *.doubleclick.net *.google.com *.google.co.uk https://www.gstatic.com https://*.google-analytics.com;media-src *.facebook.com *.fbcdn.net *.instagram.com *.cdninstagram.com *.fbsbx.com data: blob: https://*.giphy.com *.tenor.co *.tenor.com;child-src *.facebook.com *.fbcdn.net *.instagram.com data: blob:;frame-src https://instagram.com https://connect.facebook.net *.instagram.com *.facebook.com *.fbsbx.com fbsbx.com data: *.ipification.com www.googleadservices.com *.doubleclick.net *.google.com *.google.co.uk;manifest-src *.facebook.com *.fbcdn.net *.instagram.com data: blob:;object-src *.facebook.com *.fbcdn.net *.instagram.com data: blob:;block-all-mixed-content;upgrade-insecure-requests;,max-age=31536000; preload; includeSubDomains,DENY,nosniff,,"accelerometer=(self), attribution-reporting=(), autoplay=(), bluetooth=(), camera=(self), ch-device-memory=(), ch-downlink=(), ch-dpr=(), ch-ect=(), ch-rtt=(), ch-save-data=(), ch-ua-arch=(), ch-ua-bitness=(), ch-viewport-height=(), ch-viewport-width=(), ch-width=(), clipboard-read=(), clipboard-write=(self), compute-pressure=(), display-capture=(self), encrypted-media=(), fullscreen=(self), gamepad=(), geolocation=(self), gyroscope=(self), hid=(), idle-detection=(), interest-cohort=(), keyboard-map=(), local-fonts=(), magnetometer=(), microphone=(self), midi=(), otp-credentials=(self), payment=(), picture-in-picture=(self), private-state-token-issuance=(), publickey-credentials-get=(self ""https://*.facebook.com"" ""https://facebook.com""), screen-wake-lock=(), serial=(), shared-storage=(), shared-storage-select-url=(), private-state-token-redemption=(), usb=(), unload=(self), window-management=(), xr-spatial-tracking=();report-to=""permissions_policy""",default-src *.facebook.com *.fbcdn.net *.instagram.com blob:;script-src *.instagram.com static.cdninstagram.com z-p42-static.cdninstagram.com https://instagram.com https://*.www.instagram.com https://*.cdninstagram.com wss://www.instagram.com blob: *.facebook.com *.fbcdn.net *.facebook.net 127.0.0.1:* 'nonce-Q5rtcxgG' 'self' 'report-sample';style-src *.instagram.com static.cdninstagram.com z-p42-static.cdninstagram.com https://*.www.instagram.com data: blob: 'unsafe-inline' *.fbcdn.net *.facebook.com;connect-src *.instagram.com wss://edge-chat.instagram.com connect.facebook.net https://instagram.com https://*.www.instagram.com https://*.graph.instagram.com https://*.i.instagram.com https://*.od.instagram.com https://i.threads.net https://i.threads.com https://*.od.threads.net https://*.od.threads.com wss://www.instagram.com blob: *.facebook.com facebook.com *.fbcdn.net *.facebook.net wss://*.facebook.com:* ws://localhost:* *.cdninstagram.com wss://*.instagram.com:* 'self';font-src *.instagram.com static.cdninstagram.com z-p42-static.cdninstagram.com data: *.fbcdn.net *.intern.facebook.com *.facebook.com https://*.cdninstagram.com;img-src *.instagram.com *.facebook.com *.fbcdn.net data: *.cdninstagram.com *.whatsapp.net blob: https://*.threads.net https://*.threads.com *.fbsbx.com android-webview-video-poster: *.oculuscdn.com;media-src *.facebook.com *.fbcdn.net *.instagram.com *.cdninstagram.com *.fbsbx.com data: blob:;child-src *.facebook.com *.fbcdn.net *.instagram.com data: blob:;frame-src https://instagram.com https://connect.facebook.net *.instagram.com *.facebook.com *.fbsbx.com fbsbx.com data:;manifest-src *.facebook.com *.fbcdn.net *.instagram.com data: blob:;object-src *.facebook.com *.fbcdn.net *.instagram.com data: blob:;block-all-mixed-content;report-uri https://www.facebook.com/csp/reporting/?m=tr_exp&minimize=0;,0,
X (Twitter),https://x.com,commercial,global,200,https://x.com/,no,,2026-09-28 09:41:43,default-src 'self';script-src 'self' 'nonce-PrC4/ii4dwaGewMuUArd9A==' 'unsafe-inline' 'wasm-unsafe-eval' 'report-sample' https://*.twimg.com https://abs.twimg.com https://accounts.google.com/gsi/client https://appleid.cdn-apple.com https://*.stripe.com https://cdn.plaid.com/link/v2/stable/link-initialize.js https://sdk.dv.socure.io/latest/device-risk-sdk.js https://cdn.getpinwheel.com/pinwheel-v3.2.1.js https://*.x.com;script-src-attr 'none' 'report-sample';style-src 'self' 'unsafe-inline' https://*.twimg.com https://accounts.google.com/gsi/style;style-src-elem 'self' 'unsafe-inline' https://*.twimg.com https://accounts.google.com/gsi/style;img-src 'self' https://x.com:443 https://twitter.com https://*.twimg.com https://*.pscp.tv https://*.video.pscp.tv https://abs.twimg.com data: blob: https://play-lh.googleusercontent.com https://img.youtube.com https://i.ytimg.com https://ton.twitter.com/twitter-assets/ https://ton.twitter.com/onboarding/ https://*.plaid.com https://assets.grok.com https://computer-hub.grok.com https://*.grokusercontent.com https://*.gstatic.com https://serpapi.com https://*.grok.me https://media.riffsy.com https://*.giphy.com https://media.tenor.com https://c.tenor.com;manifest-src 'self' https://x.com:443;font-src 'self' https://*.twimg.com data:;media-src 'self' https://*.twimg.com https://*.pscp.tv https://*.video.pscp.tv blob: data: https://*.watch.x.com;connect-src 'self' https://api.x.com https://api.twitter.com https://t.co https://*.twimg.com https://*.pscp.tv https://*.video.pscp.tv wss://*.pscp.tv https://upload.x.com https://sentry.io https://*.sentry.io wss://localhost.x.com:* https://m.castle.io wss://chat-ws.x.com https://*.x.com https://accounts.google.com/gsi/ https://csi.gstatic.com https://appleid.cdn-apple.com https://appleid.apple.com https://*.prelude.dev data: https://*.stripe.com https://*.plaid.com https://*.dv.socure.io https://checkoutshopper-live.adyen.com https://grok.com https://*.grok.com wss://grok.com wss://*.grok.com wss://*.cursorvm.com https://*.x.ai wss://*.x.ai https://storage.googleapis.com https://media.riffsy.com https://*.giphy.com https://media.tenor.com https://c.tenor.com https://cognito-identity.us-east-1.amazonaws.com https://streaming-rekognition.us-east-1.amazonaws.com wss://streaming-rekognition.us-east-1.amazonaws.com https://cdn.liveness.rekognition.amazonaws.com;frame-src 'self' https://accounts.google.com https://appleid.apple.com https://www.youtube.com https://w.soundcloud.com https://www.pscp.tv https://platform.twitter.com https://platform.x.com https://studio.x.com https://studio-dev.x.com https://iframe.arkoselabs.com https://*.x.com https://*.crbcos.com https://*.plaid.com https://*.stripe.com https://cdn.getpinwheel.com/ https://checkoutshopper-live.adyen.com https://artifacts.grokusercontent.com;worker-src 'self' blob: https://*.twimg.com https://abs.twimg.com;frame-ancestors 'self' https://x.com https://x.com:443 https://twitter.com https://twitter.com:443;base-uri 'self';form-action 'self' https://accounts.google.com;object-src 'none';upgrade-insecure-requests,max-age=631138519; includeSubdomains,SAMEORIGIN,nosniff,strict-origin-when-cross-origin,,,0,
WhatsApp,https://www.whatsapp.com,commercial,global,200,https://www.whatsapp.com/,no,,2026-09-28 09:41:43,default-src 'self' blob:;script-src *.whatsapp.com *.whatsapp.net *.facebook.com *.facebook.net 'nonce-nmqYqS95' 'self' blob:;style-src *.whatsapp.com *.whatsapp.net 'unsafe-inline' *.facebook.com 'self' data: blob:;connect-src *.whatsapp.com *.whatsapp.net wss://*.facebook.com:* *.fbcdn.net 'self' data: blob:;font-src *.whatsapp.com *.whatsapp.net *.facebook.com static.xx.fbcdn.net data:;img-src *.whatsapp.com *.whatsapp.net *.facebook.com *.fbcdn.net *.fbsbx.com static.xx.fbcdn.net *.cdninstagram.com 'self' data: blob:;media-src *.fbcdn.net 'self' data: blob:;child-src 'self' data: blob:;frame-src *.facebook.com *.whatsapp.com 'self' data: blob:;manifest-src 'self' data: blob:;object-src 'self' data: blob:;worker-src *.whatsapp.com *.whatsapp.net *.facebook.com *.facebook.net 'nonce-nmqYqS95' 'self' data: blob:;block-all-mixed-content;upgrade-insecure-requests;,max-age=31536000; preload; includeSubDomains,DENY,nosniff,,"accelerometer=(), attribution-reporting=(), autoplay=(), bluetooth=(), camera=(), ch-device-memory=(), ch-downlink=(), ch-dpr=(), ch-ect=(), ch-rtt=(), ch-save-data=(), ch-ua-arch=(), ch-ua-bitness=(), ch-viewport-height=(), ch-viewport-width=(), ch-width=(), clipboard-read=(), clipboard-write=(), compute-pressure=(), display-capture=(), encrypted-media=(), fullscreen=(self), gamepad=(), geolocation=(), gyroscope=(), hid=(), idle-detection=(), interest-cohort=(), keyboard-map=(), local-fonts=(), magnetometer=(), microphone=(), midi=(), otp-credentials=(), payment=(), picture-in-picture=(), private-state-token-issuance=(), publickey-credentials-get=(), screen-wake-lock=(), serial=(), shared-storage=(), shared-storage-select-url=(), private-state-token-redemption=(), usb=(), unload=(self), window-management=(), xr-spatial-tracking=();report-to=""permissions_policy""",,0,
Wikipedia,https://www.wikipedia.org,commercial,global,200,https://www.wikipedia.org/,no,,2026-09-28 09:41:43,,max-age=106384710; includeSubDomains; preload,,,,,,,
Amazon,https://www.amazon.com,commercial,global,200,https://www.amazon.com/,no,,2026-09-28 09:41:43,,max-age=47474747; includeSubDomains; preload,,,,,,,
Netflix,https://www.netflix.com,commercial,global,200,https://www.netflix.com/,no,,2026-09-28 09:41:43,,max-age=31536000; includeSubDomains,DENY,nosniff,,,default-src https: wss: 'unsafe-inline' 'unsafe-eval'; font-src https: data: ; img-src  https: data: blob: ; media-src https: blob: ; worker-src https: blob: ; report-uri https://www.netflix.com/log/www/csp/1;,1; mode=block; report=https://www.netflix.com/ichnaea/log/freeform/xssreport,
Microsoft,https://www.microsoft.com,commercial,global,200,https://www.microsoft.com/en-us,yes,,2026-09-28 09:41:43,,max-age=31536000; includeSubDomains,,,,,,,
Apple,https://www.apple.com,commercial,global,200,https://www.apple.com/,no,,2026-09-28 09:41:43,default-src 'self' blob: data: *.akamaized.net *.apple.com *.apple-mapkit.com *.cdn-apple.com *.organicfruitapps.com; child-src blob: mailto: embed.music.apple.com embed.podcasts.apple.com https://recyclingprogram.apple.com https://smb.apple.com https://nova.apple.com swdlp.apple.com www.apple.com www.instagram.com platform.twitter.com www.youtube-nocookie.com; img-src 'unsafe-inline' blob: data: *.apple.com *.apple-mapkit.com *.cdn-apple.com *.mzstatic.com; script-src 'unsafe-inline' 'unsafe-eval' blob: *.apple.com *.apple-mapkit.com www.instagram.com platform.twitter.com; style-src 'unsafe-inline' *.apple.com,max-age=31536000; includeSubdomains; preload,SAMEORIGIN,nosniff,no-referrer-when-downgrade,,,1; mode=block,
LinkedIn,https://www.linkedin.com,commercial,global,200,https://www.linkedin.com/,no,,2026-09-28 09:41:43,default-src 'none'; connect-src 'self' *.licdn.com *.linkedin.com cdn.linkedin.oribi.io dpm.demdex.net/id lnkd.demdex.net blob: accounts.google.com/gsi/ linkedin.sc.omtrdc.net/b/ss/ v.clarity.ms/collect *.microsoft.com *.adnxs.com *.tealiumiq.com login.microsoftonline.com bat.bing.com lnkd.tt.omtrdc.net/rest/v1/delivery www.google.com google.com adservice.google.com pagead2.googlesyndication.com td.doubleclick.net www.googletagmanager.com www.googleadservices.com ad.doubleclick.net googleads.g.doubleclick.net ade.googlesyndication.com *.fls.doubleclick.net; script-src 'report-sample' 'sha256-th47JTnh6tX15SUn/I+GGmsOSXpa7dh5Skner77gxlY=' 'sha256-SSoodjUD3LGm2FfFCVHGqEb8D4UM3OOigidT2UKDcYg=' 'sha256-cKTgdnmO6+hXd85a9wKg1effVfVzenUAtUCyOKY9bQE=' 'sha256-DwtT8+ZZKpxH9pqZNAmJ3GdbLAh5SsYaXR3omTXPCns=' 'sha256-sV9jZa797T0QWBzcU/CNd4tpBhTnh+TFdLnfjlitl28=' 'sha256-aa/Q8CRBDSqTQbCIyioPhZaz+G+dbPyu7BzsjInEmiU=' 'sha256-THuVhwbXPeTR0HszASqMOnIyxqEgvGyBwSPBKBF/iMc=' 'sha256-zTIusdVJJeXz9+iox2a+pdDglzbpRpFVRzEwvW4AONk=' 'sha256-iC8MPqNLw0FDnsBf4DlSkFLNTwhkI85aouiAEB819ic=' 'sha256-2EqrEvcPzl8c6/TSGVvaVMEe7lg700MAz/te4/3kTYY=' 'sha256-y5uW69VItKj51mcc7UD9qfptDVUqicZL+bItEpvVNDw=' 'sha256-DatsFGoJ8gFkzzxo47Ou76WZ+3QBPOQHtBu9p9b3DhA=' 'sha256-k95cyM8gFgPziZe5VQ2IvJvBUVyd5zFt2CokIUwqdHE=' 'sha256-PyCXNcEkzRWqbiNr087fizmiBBrq9O6GGD8eV3P09Ik=' 'sha256-RFqsjmAF1N5LnfpaHFvPqFlVkeIS/DtTAFor+JjJJVc=' 'sha256-2SQ55Erm3CPCb+k03EpNxU9bdV3XL9TnVTriDs7INZ4=' 'sha256-S/KSPe186K/1B0JEjbIXcCdpB97krdzX05S+dHnQjUs=' 'sha256-9pXOIwF4N0gPltLd3AI69lkCjSC2H/Eb3sc5zdmUyYU=' 'sha256-jou6v/Nleyzoc+LXktAv1Fp8M807dVVxy7E/yzVljHc=' 'sha256-6E4e/3dSvj/8JZT2S2yR91mspqM6MyOpKl5lrhHsZa8=' 'sha256-JfJ82reKxtqugVbfRGw/O/1x1Lm1I09rHueXSwvbRws=' 'sha256-BbV1i75oYRtLtfDWs7tnA8QLF5EOO1dVHKL0prVd/fQ=' 'sha256-3woF8BZ54TeXM+czaH3aXoaJsVpiamuAKFsXDykAR/Q=' 'sha256-vIfNcKb8ixJg1cfJIoNNYjWcm0lezj1/XpUNFiZyVsU=' 'sha256-cLsHUHFgT/VGX04cZrJ9xgm4HbzTR7ptutkxK+7BlMk=' 'sha256-BwU8jMnQYUhjOpsDVABpfddV/DlP1ZYrFcTumYw7x54=' 'sha256-wz6ika9i3WU3bpUPdhYDZeO/NrDQniDyiscN0LWnyaY=' 'sha256-3RIGhhApBii1KY+aW1xk7kFyoQY8vSVE5DfT7E9SJUc=' static.licdn.com static-exp1.licdn.com static-exp2.licdn.com static-exp3.licdn.com platform.linkedin.com platform-akam.linkedin.com platform-ecst.linkedin.com platform-azur.linkedin.com snap.licdn.com www.google.com/recaptcha/enterprise.js www.gstatic.com/recaptcha/releases/ www.googletagmanager.com/gtag/js www.googletagmanager.com/gtag/destination googleads.g.doubleclick.net/pagead/viewthroughconversion/ merchantpool1.linkedin.com/mdt.js; img-src data: blob: * 'self' *.licdn.com android-webview-video-poster:; font-src data: * 'self' *.licdn.com; style-src 'self' 'unsafe-inline' static.licdn.com static-exp1.licdn.com static-exp2.licdn.com static-exp3.licdn.com; media-src 'self' *.licdn.com *.lynda.com; worker-src 'self' blob: static.licdn.com static-exp1.licdn.com static-exp2.licdn.com static-exp3.licdn.com; frame-src 'self' www.youtube.com/embed/ www.youtube-nocookie.com/embed/ lnkd.demdex.net smartlock.google.com accounts.google.com player.vimeo.com *.linkedin.com www.slideshare.net *.megaphone.fm *.omny.fm *.sounder.fm msit.powerbi.com app.powerbi.com linkedin.github.io *.licdn.com *.adnxs.com acdn.adnxs-simple.com radar.cedexis.com edge-auth.microsoft.com flo.uri.sh play.vidyard.com www.google.com/recaptcha/ aat-acr-web-prod.azurewebsites.net *.fls.doubleclick.net www.googletagmanager.com td.doubleclick.net googleads.g.doubleclick.net li.protechts.net *.xlgmedia.com *.px-cloud.net merchantpool1.linkedin.com; frame-ancestors 'self' *.www.linkedin.com:*; manifest-src 'self'; report-uri https://www.linkedin.com/security/csp?f=gg,max-age=31536000,sameorigin,nosniff,,,,,
TikTok,https://www.tiktok.com,commercial,global,200,https://www.tiktok.com/,no,,2026-09-28 09:41:43,report-uri https://mon16-normal-useast5.tiktokv.us/monitor_browser/collect/batch/security/?bid=tiktok_pns&ev_type=csp&p=oAwsdSRvQQk4fDXvkPF5PR&v=4&s=392&b=oab; report-to csp-endpoint; upgrade-insecure-requests; default-src 'self' 'unsafe-eval' 'unsafe-inline' blob: bytedance: data: wss://*.tiktok.com wss://*.tiktokv.com wss://*.tiktokv.eu wss://tiktok.com wss://tiktokv.com *.adsintegrity.net *.akamaized.net *.amazonaws.com *.bing.com *.bitssec.com *.braintree-api.com *.braintreegateway.com *.bytedapm.com *.bytedgame.com *.bytehwm-row.com *.byteicdn.com *.byteintl.com *.byteintl.net *.byteintlapi.com *.byteintlstatic.com *.bytelemon.com *.byteoversea.com *.byteoversea.net *.bytevcloudapi.com *.capcut.com *.cloudflare.com *.ctfassets.net *.doubleclick.net *.evbuc.com *.eventim.de *.facebook.com *.facebook.net *.fbsbx.com *.fcdnstatic-intl.com *.fdmstatic.com *.g-p-static.com *.gauthmath.com *.giphy.com *.goofy-cdn.com *.goofy.app *.google.com *.googleadservices.com *.googleapis.com *.googletagmanager.com *.gstatic.com *.hsforms.com *.hsforms.net *.ibytedtos.com *.ibyteimg.com *.isnssdk.com *.jumio.ai *.kakao.com *.lemon8-app.com *.lemon8cdn.com *.licdn.com *.linkedin.com *.midtrans.com *.muscdn.com *.musical.ly *.oecstatic.com *.omise.co *.pangle-ads.com *.paypal.com *.pipopay.com *.pipopayment.us *.redditstatic.com *.resso.me *.sgsnssdk.com *.soundon.global *.tableau.com *.tenor.com *.tiktok-row.net *.tiktok.com *.tiktok.ru *.tiktok.vn *.tiktokapis.com *.tiktokcdn-eu.com *.tiktokcdn-in.com *.tiktokcdn-us.com *.tiktokcdn.com *.tiktokcreativeone.com *.tiktokforbusinessoutbound.com *.tiktokglobalshop.com *.tiktokmusic.me *.tiktokshop.com *.tiktokstaticb.com *.tiktokus.info *.tiktokv.com *.tiktokv.eu *.tiktokv.us *.tiktokw.eu *.tiktokw.us *.topbuzzcdn.com *.ttcdn-us.com *.ttlivecdn.com *.ttlstatic.com *.ttwstatic.com *.vimeo.com *.vodupload.com *.yahoo.co.jp *.yhgfb-static.com *.youtube-nocookie.com *.zhiliaoapp.com api.music.apple.com code.jquery.com facebook.com google.com i.ticketweb.com images.universe.com media.ticketmaster.eu play.itunes.apple.com res.cloudinary.com s1.ticketm.net static-label.frontgatetickets.com static.captchami.com t.co tikitoks.com tiktok.com tiktok.ua tiktok.vn tiktokfollowersfree.com tiktokv.com unpkg.com vimeo.com lf-tiktok-web-bak.tiktokcdn-us.com; connect-src * 'unsafe-inline' blob: data:; frame-ancestors tea-va.bytedance.net www.tiktok.com; frame-src bytedance: *.kakao.com *.tiktok.com access.line.me accounts.google.com api.twitter.com appleid.apple.com assets.braintreegateway.com client-api.arkoselabs.com h.online-metrix.net lf16-web.tiktokcdn.com newassets.hcaptcha.com recaptcha.google.com tx41v.arkoselabs.com www.facebook.com www.google.com; script-src 'report-sample' 'unsafe-eval' 'inline-speculation-rules' 'wasm-unsafe-eval' *.tiktokcdn-us.com accounts.google.com apis.google.com billshark-cdn.s3.amazonaws.com c.paypal.com cdnjs.cloudflare.com client-api.arkoselabs.com connect.facebook.net developers.kakao.com googleads.g.doubleclick.net js-cdn.music.apple.com/musickit/v3/musickit.js js.braintreegateway.com js.hcaptcha.com js.hsforms.net recaptcha.google.com s20.tiktokcdn.com s3.amazonaws.com sf16-website-login.neutral.ttwstatic.com/obj/tiktok_web_login_static/bric-captcha-ttweb/core-captcha/ static.captchami.com tiktok.captchami.com tx41v.arkoselabs.com unpkg.com vimeo.com www.facebook.net www.google.com www.googleadservices.com www.googleapis.com www.googletagmanager.com www.gstatic.com www.vimeo.com lf-tiktok-web-bak.tiktokcdn-us.com lf16-tiktok-web.tiktokcdn-us.com/obj/tiktok-web-tx/obj/waf-aiso/ appleid.cdn-apple.com; worker-src www.tiktok.com/business/sw.js www.tiktok.com/embed/sw.js www.tiktok.com/firebase-messaging-sw.js www.tiktok.com/help/sw.js www.tiktok.com/sw.js www.tiktok.com/tiktokstudio/static/worker/ www.tiktok.com/tiktokstudio/sw.js www.tiktok.com/web-static-js/ www.tiktok.com/webapp-desktop/static/worker/,max-age=31536000; includeSubdomains,SAMEORIGIN,nosniff,strict-origin-when-cross-origin,,,1; mode=block,
Reddit,https://www.reddit.com,commercial,global,403,https://www.reddit.com/,no,,2026-09-28 09:41:44,,max-age=31536000; includeSubdomains,SAMEORIGIN,nosniff,,,,1; mode=block,
Pinterest,https://www.pinterest.com,commercial,global,200,https://www.pinterest.com/,no,,2026-09-28 09:41:44,"default-src 'self' blob: s.pinimg.com s1.pinimg.com s2.pinimg.com; font-src 'self' m.media-amazon.com *.amazon-adsystem.com s.pinimg.com s1.pinimg.com s2.pinimg.com data: fonts.googleapis.com fonts.gstatic.com use.typekit.net; style-src 'self' blob: 'unsafe-inline' data: *.pinimg.com *.pinterest.com accounts.google.com fonts.googleapis.com *.adyen.com *.adyenpayments.com; img-src blob: data: *; base-uri 'none'; connect-src 'self' blob: m.media-amazon.com *.amazon-adsystem.com htlb.casalemedia.com *.2mdn.net *.ada.support *.pinimg.com *.pinterest.com accounts.google.com *.adyen.com pinterest-salvador.s3.amazonaws.com *.adyenpayments.com *.paypal.com *.facebook.com *.doubleclick.net *.adtrafficquality.google www.recaptcha.net https://pinterest-api.arkoselabs.com/ www.googleapis.com *.dropboxapi.com pinterest-aberdeen.s3.amazonaws.com pinterest-aberdeen.s3.us-east-1.amazonaws.com pinterest-anaheim.s3.amazonaws.com pinterest-anaheim.s3.us-east-1.amazonaws.com pinterest-hilo.s3.amazonaws.com pinterest-hilo.s3.us-east-1.amazonaws.com pinterest-sim-toontown.s3.amazonaws.com pinterest-sim-toontown.s3.us-east-1.amazonaws.com pinterest-lucca.s3.amazonaws.com pinterest-lucca.s3.us-east-1.amazonaws.com pinterest-florianopolis.s3.amazonaws.com pinterest-florianopolis.s3.us-east-1.amazonaws.com pinterest-media-upload.s3.amazonaws.com pinterest-media-upload.s3.us-east-1.amazonaws.com pinterest-media-upload.s3-accelerate.amazonaws.com pinterest-milwaukee.s3.amazonaws.com pinterest-milwaukee.s3.us-east-1.amazonaws.com pinterest-poughkeepsie.s3.amazonaws.com pinterest-poughkeepsie.s3.us-east-1.amazonaws.com pinterest-waterloo.s3.amazonaws.com pinterest-waterloo.s3.us-east-1.amazonaws.com pinterest-plymouth.s3.amazonaws.com pinterest-plymouth.s3.us-east-1.amazonaws.com pinterest-salvador.s3.us-east-1.amazonaws.com pinterest-yamagata.s3.amazonaws.com pinterest-yamagata.s3.us-east-1.amazonaws.com *.tvpixel.com api.pinadmin.com *.live-video.net https://*.daily.co https://*.pluot.blue wss://*.wss.daily.co api.basistheory.com; form-action 'self' *.adyen.com *.klarna.com *.tink.com *.adyenpayments.com; frame-src 'self' *.ada.support *.pinimg.com *.pinterest.com *.adyen.com static-sandbox.dlocal.com static.dlocal.com *.paypal.com *.google.com *.facebook.com *.doubleclick.net *.rubiconproject.com *.adtrafficquality.google *.safeframe.googlesyndication.com www.recaptcha.net https://iframe.arkoselabs.com/ https://pinterest-api.arkoselabs.com/ pinterest-hilo.s3.amazonaws.com pinterest-hilo.s3.us-east-1.amazonaws.com pinterest-sim-toontown.s3.amazonaws.com pinterest-sim-toontown.s3.us-east-1.amazonaws.com pinterest-milwaukee.s3.amazonaws.com pinterest-milwaukee.s3.us-east-1.amazonaws.com pinterest-waterloo.s3.amazonaws.com pinterest-waterloo.s3.us-east-1.amazonaws.com pinterest-tolu.s3.amazonaws.com *.pinterdev.com content.googleapis.com *.youtube.com *.youtube-nocookie.com *.ytimg.com player.vimeo.com calendly.com vine.co bid.g.doubleclick.net *.fls.doubleclick.net pinlogs.s3.amazonaws.com pinlogs.s3.us-east-1.amazonaws.com servedby.flashtalking.com pinterest-uk.admo.tv pinterest-uk-web.admo.tv fbrpc://call *.linkedin.com px.ads.linkedin.com api.basistheory.com js.basistheory.com 3ds.basistheory.com; media-src 'self' blob: m.media-amazon.com *.2mdn.net data: *.pinimg.com *.live-video.net; object-src 'self'; script-src 'nonce-9a2e1b12381a6fb176a80b8badae133e' 'strict-dynamic' 'self' blob: 'unsafe-inline' *.pinimg.com *.pinterest.com *.adyen.com js.dlocal.com js-sandbox.dlocal.com static-sandbox.dlocal.com static.dlocal.com *.adyenpayments.com *.paypal.com 'report-sample' *.google.com connect.facebook.net *.google-analytics.com *.facebook.com *.googleadservices.com *.doubleclick.net *.adtrafficquality.google *.googletagmanager.com www.gstatic.com/recaptcha/ www.gstatic.cn/recaptcha/ www.recaptcha.net https://pinterest-api.arkoselabs.com/ 'wasm-unsafe-eval' js.basistheory.com 3ds.basistheory.com; worker-src 'self' blob: 'unsafe-inline'; report-uri /_/_/csp_report/?rid=1072455511233687; frame-ancestors 'self' , script-src 'self' blob: 'unsafe-inline' *.pinimg.com *.pinterest.com *.adyen.com js.dlocal.com js-sandbox.dlocal.com static-sandbox.dlocal.com static.dlocal.com *.adyenpayments.com *.paypal.com 'report-sample' *.google.com connect.facebook.net *.google-analytics.com *.facebook.com *.googleadservices.com *.doubleclick.net *.adtrafficquality.google *.googletagmanager.com www.gstatic.com/recaptcha/ www.gstatic.cn/recaptcha/ www.recaptcha.net https://pinterest-api.arkoselabs.com/ 'wasm-unsafe-eval' js.basistheory.com 3ds.basistheory.com; report-uri /_/_/csp_report/?rid=1072455511233687",max-age=31536000 ; includeSubDomains ; preload,SAMEORIGIN,nosniff,origin,,,1; mode=block,
eBay,https://www.ebay.com,commercial,global,403,https://www.ebay.com/,no,,2026-09-28 09:41:44,,max-age=31536000,,,,,,,
PayPal,https://www.paypal.com,finance,global,200,https://www.paypal.com/us/home,yes,,2026-09-28 09:41:44,default-src 'self' https://*.paypal.com https://*.paypalobjects.com 'unsafe-inline'; style-src 'self' https://*.paypal.com https://*.paypalobjects.com 'unsafe-inline'; script-src 'nonce-s1/SVeVebDghwvwUlRhiuQxt76DqBpwWIf++G+tzF9HWn8MF' 'self' 'unsafe-inline' https://*.paypal.com https://*.paypalobjects.com https://ad.doubleclick.net https://ade.googlesyndication.com https://adservice.google.com https://analytics.tiktok.com https://connect.facebook.net https://googleads.g.doubleclick.net https://googletagmanager.com https://pagead2.googlesyndication.com https://pypd.paypal-mktg.com https://snap.licdn.com https://tagmanager.google.com https://www.google.com https://www.googleadservices.com https://www.googletagmanager.com; img-src 'self' https: data: https://region1.analytics.google.com https://region1.google-analytics.com https://www.analytics.google.com https://www.google-analytics.com; object-src 'none'; font-src 'self' https://*.paypal.com https://*.paypalobjects.com; frame-src 'self' https://*.company-target.com https://*.paypal.com https://*.paypalobjects.com https://www.googletagmanager.com https://www.youtube-nocookie.com https://*.qualtrics.com; frame-ancestors 'self' https://*.paypal.com; connect-src 'self' 'unsafe-inline' https://*.adsrvr.org https://*.company-target.com https://*.demandbase.com https://*.paypal.com https://*.paypalobjects.com https://ad.doubleclick.net https://ads.tiktok.com https://adservice.google.com https://analytics.tiktok.com https://browser-intake-us5-datadoghq.com https://connect.facebook.net https://dc.ads.linkedin.com https://google.com https://googleads.g.doubleclick.net https://p.adsymptotic.com https://pagead2.googlesyndication.com https://prod.uidapi.com https://px.ads.linkedin.com/wa https://px4.ads.linkedin.com https://region1.analytics.google.com https://region1.google-analytics.com https://snap.licdn.com https://www.analytics.google.com https://www.google-analytics.com https://www.google.com https://www.googleadservices.com https://www.googletagmanager.com www.facebook.com www.google.com www.googletagmanager.com https://*.qualtrics.com; form-action 'self' https://*.paypal.com; base-uri 'self' https://*.paypal.com; upgrade-insecure-requests;; report-uri https://www.paypal.com/csplog/api/log/csp,max-age=31536000; includeSubDomains; preload,,nosniff,,"ch-ua-platform-version=(self ""https://c.paypal.com""),ch-ua-arch=(self ""https://c.paypal.com""),ch-ua-wow64=(self ""https://c.paypal.com""),ch-ua-model=(self ""https://c.paypal.com""),ch-ua-bitness=(self ""https://c.paypal.com""),ch-ua-full-version=(self ""https://c.paypal.com""),ch-ua-full-version-list=(self ""https://c.paypal.com"")",,1; mode=block,
Stripe,https://stripe.com,finance,global,200,https://stripe.com/,no,,2026-09-28 09:41:44,base-uri 'none'; child-src 'none'; connect-src https://c.increment.com https://c.stripe.dev https://c.stripe.global https://c.stripe.partners blob: https://b.stripecdn.com https://errors.stripe.com https://ext.stripe.com https://r.stripe.com https://stripe-images.s3.us-west-1.amazonaws.com https://stripe.com 'self'; default-src 'none'; font-src https://b.stripecdn.com 'self'; form-action https://stripe.com 'self'; frame-ancestors https://app.contentful.com 'self'; frame-src https://b.stripecdn.com https://js.stripe.com https://support-conversations.stripe.com 'self'; img-src data: https://assets.ctfassets.net https://assets.stripeassets.com https://b.stripecdn.com https://images.ctfassets.net https://images.stripeassets.com https://q.stripe.com 'self'; manifest-src 'none'; media-src https://assets.ctfassets.net https://assets.stripeassets.com https://b.stripecdn.com https://videos.ctfassets.net https://videos.stripeassets.com 'self'; object-src 'none'; script-src https://b.stripecdn.com https://js.stripe.com 'self' 'sha256-3aWvb9tRBjmz1OjR3n7mwiTm94+s4iki4mMZF82asmc=' 'sha256-5LtzXhT7UFn+GqP5pKEMGL08UNZsrzANHFEBW/mQHGw=' 'sha256-beLzNcen8LrazzSCRjAapoIMTgJI0osPWGNSX7aK6lc=' 'sha256-cCM0Z4lzGkzQnmbdVw+ouz0JRawyaKcZ4yiqzqYS7ek=' 'sha256-vTifGUJH6hJYTvstw4xJ4xfr/vE0ELkOV4GpCumyqfg=' 'sha256-KxhSaxKB5RFTQsqfRwp+zG7iLjvMrTAySqnSvWlqct0=' 'sha256-tMuJ8c00j54yuxogrdIJeGhNVB350dc56i969XRz/Mc=' 'sha256-aEFSvCaVnb2wNwuO3IzA8J44RdTKt6vms9beA7BcCYg=' 'sha256-0SWEc2BfR2o77i2vUiNNIrFKQkjc2Ujsr2hlfZ6oUek=' 'report-sample'; style-src https://b.stripecdn.com 'self' 'unsafe-inline'; worker-src https://b.stripecdn.com 'self'; upgrade-insecure-requests; report-uri https://q.stripe.com/csp-violation?q=0WjdRMKngODkL8HXfK7pBlmpKoAyYHdYcgIAtqUQ7C2SLKBYXJgauL2NDFh7B4w%3D; report-to csp,max-age=63072000; includeSubDomains; preload,SAMEORIGIN,nosniff,no-referrer-when-downgrade,,,,
Visa,https://www.visa.com,finance,global,200,https://www.visa.com/en-us,yes,,2026-09-28 09:41:44,default-src 'self' *.visa.com; script-src 'self' *.visa.com *.googletagmanager.com connect.facebook.net mg.en25.com img.en25.com scripts.demandbase.com policy.cookiereports.com tags.tiqcdn.com g.3gl.net www.youtube.com ad.doubleclick.net www.facebook.com s.company-target.com www.google.com www.gstatic.com universal-editor-service.adobe.io code.jquery.com *.optimizely.com *.pulseinsights.com *.contentsquare.com *.contentsquare.net tags.tiqcdn.cn tags-eu.tiqcdn.com *.google.com *.google.co.in *.google-analytics.com *.analytics.google.com *.doubleclick.net *.g.doubleclick.net td.doubleclick.net googleads.g.doubleclick.net *.googlesyndication.com pagead2.googlesyndication.com *.googleadservices.com analytics.google.com *.youtube.com tealium.com *.tealiumiq.com collect.tealiumiq.com *.cdn.optimizely.com *.demandbase.com tag-logger.demandbase.com *.company-target.com *.rlcdn.com *.eloqua.com *.en25.com *.3gl.net static.ads-twitter.com analytics.tiktok.com snap.licdn.com www.linkedin.com *.snapchat.com *.snap.com sc-static.net accounts.snapchat.com forbusiness.snapchat.com *.o789thktrk.com s.yimg.com *.outbrain.com *.marketo.com *.rezync.com blob: 'unsafe-inline' 'unsafe-eval'; style-src 'self' *.visa.com fonts.googleapis.com 'unsafe-inline'; img-src * data:; font-src 'self' *.visa.com fonts.googleapis.com fonts.gstatic.com data:; object-src 'self' *.visa.com; connect-src *; frame-src 'self' *.visa.com www.youtube.com www.google.com experience.adobe.com s.company-target.com *.optimizely.com *.doubleclick.net; frame-ancestors 'self' experience.adobe.com; base-uri 'self'; form-action 'self'; upgrade-insecure-requests,max-age=31536000; includeSubdomains;,SAMEORIGIN,nosniff,"strict-origin-when-cross-origin, no-referrer-when-downgrade",,,1; mode=block,
Mastercard,https://www.mastercard.com,finance,global,200,https://www.mastercard.com/us/en.html,yes,,2026-09-28 09:41:44,,max-age=31536000 ; includeSubDomains ; preload,SAMEORIGIN,nosniff,,,,,
American Express,https://www.americanexpress.com,finance,global,200,https://www.americanexpress.com/,no,,2026-09-28 09:41:44,report-uri https://homepage1uplifthydra.americanexpress.com/_/report/security/csp-violation; block-all-mixed-content; default-src 'nonce-d82a1c32ad0b08873db773be4b7fe829' *.aexp.com wss://*.aexp.com 'self' wss://*.americanexpress.com *.americanexpress.com *.aexp-static.com nexus.ensighten.com *.bf.dynatrace.com omn.americanexpress.com assets.adobedtm.com aexp.demdex.net stage.sp100500b5.guided.ss-omtrdc.net sp100500b5.guided.ss-omtrdc.net service.maxymiser.net api.maxymiser.net https://addressvalidation.googleapis.com maps.googleapis.com maps.gstatic.com fonts.googleapis.com fonts.gstatic.com csi.gstatic.com ads.yahoo.com cdn.optimizely.com aeopdevvip.acxiom.com aeopprodvip.acxiom.com api.rlcdn.com/api/identity/idl zndhztugwqhlulqht-aexpfeedback.siteintercept.qualtrics.com siteintercept.qualtrics.com aexpfeedback.siteintercept.qualtrics.com aexpfeedback.com ca1.qualtrics.com yul1.qualtrics.com; script-src 'nonce-d82a1c32ad0b08873db773be4b7fe829' 'nonce-8bd87306-cd6a-478e-b734-6211fabaa23e' *.aexp.com c.evidon.com 'self' *.americanexpress.com *.aexp-static.com nexus.ensighten.com service.maxymiser.net api.maxymiser.net track.sv.rkdms.com api.securedvisit.com omn.americanexpress.com aexp.demdex.net assets.adobedtm.com s.ntv.io ct.contentsquare.net contentsquare.com app.contentsquare.com js-cdn.dynatrace.com staging.cdn-net.com www.cdn-net.com utt.impactcdn.com ojrq.net doubleclick.net googleads.g.doubleclick.net ad.doubleclick.net https://www.googletagmanager.com https://pagead2.googlesyndication.com https://doubleclick.net www.googleads.g.doubleclick.net https://ad.doubleclick.net/activity https://googleads.g.doubleclick.net www.google.com/recaptcha/ www.gstatic.com/recaptcha/ securepubads.g.doubleclick.net https://www.google.com/gmp/ https://www.google.com/ccm/ https://www.google.com/pagead/ https://www.googleadservices.com; img-src data: c.evidon.com 'self' blob: *.americanexpress.com *.aexp-static.com *.bf.dynatrace.com amex.sv.rkdms.com images.securedvisit.com stags.bluekai.com p.adsymptotic.com www.facebook.com aax-eu.amazon-adsystem.com aax-fe.amazon-adsystem.com private-orm-open-receipt-match.s3.amazonaws.com s.amazon-adsystem.com b92.yahoo.co.jp sp.analytics.yahoo.com alb.reddit.com https://ad.soicos.com https://lot.neatpowr.com pixel.sojern.com tag.yieldoptimizer.com dc.ads.linkedin.com px.ads.linkedin.com www.bizographics.com www.linkedin.com/px/ *.doublemax.net t.teads.tv track.adform.net jadserve.postrelease.com affleads.latamtracking.com pubads.g.doubleclick.net bat.bing.com/action/ prf.hn c.contentsquare.net r.contentsquare.net l.contentsquare.net wr-us.contentsquare.net pixel.quantserve.com insight.adsrvr.org track.securedvisit.com track.sv.rkdms.com ct.pinterest.com/v3/ rtb.adgrx.com tags.w55c.net ping.pdst.fm ib.adnxs.com/pixie pmldigital.go2cloud.org/aff_l pixel.efike.co/pixel.php px.sunmedia.tv/tr pixel.loganmedia.mobi/ traffic.kickadsit.com/ tags.srv.stackadapt.com a.tribalfusion.com px.adentifi.com secure.adnxs.com/ amplify.outbrain.com/ tr.outbrain.com/ dr.outbrain.com/ analytics.twitter.com t.co logs-01.loggly.com pixel.cdn.tagular.com https://tracking.audio.thisisdax.com https://asia.creativecdn.com www.google.com/ads/user-lists/ www.google.com/pagead/1p-user-list/ www.gstatic.com/recaptcha/ www.google.com/recaptcha/ ad.doubleclick.net ad-emea.doubleclick.net www.google.com/pagead/1p-conversion/ https://www.googleadservices.com/ https://googleads.g.doubleclick.net https://www.googletagmanager.com ad.au.doubleclick.net/activity https://pagead2.googlesyndication.com https://www.google.com https://ade.googlesyndication.com https://adservice.google.com https://ad.doubleclick.net/activity https://www.google.com/gmp/conversion https://www.google.com/ccm/collect https://www.google.ad https://www.google.cat https://www.googleadservices.com https://google.com https://ad.doubleclick.net https://fonts.gstatic.com https://elfingest.aexp.com; style-src *.aexp.com 'unsafe-inline' *.aexp-static.com *.americanexpress.com *.bf.dynatrace.com fonts.googleapis.com fonts.gstatic.com csi.gstatic.com content.securedvisit.com; connect-src 'self' *.aexp.com *.aexp-static.com c.evidon.com l.evidon.com optoutapi.evidon.com *.americanexpress.com assets.adobedtm.com aexp.demdex.net dpm.demdex.net *.bf.dynatrace.com *.sundaysky.com zndhztugwqhlulqht-aexpfeedback.siteintercept.qualtrics.com siteintercept.qualtrics.com aexpfeedback.siteintercept.qualtrics.com aexpfeedback.com ca1.qualtrics.com c.contentsquare.net r.contentsquare.net l.contentsquare.net wr-us.contentsquare.net q-aus1.contentsquare.net k-aus1.contentsquare.net aeopdevvip.acxiom.com aeopprodvip.acxiom.com track.securedvisit.com amex.sv.rkdms.com track.sv.rkdms.com https://featureassets.org https://prodregistryv2.org https://statsigapi.net https://pagead2.googlesyndication.com securepubads.g.doubleclick.net https://www.google.com/gmp/conversion https://www.google.com/ccm/collect https://googleads.g.doubleclick.net https://www.googleadservices.com https://ad.doubleclick.net https://google.com https://www.google.com; manifest-src 'self' *.aexp.com *.americanexpress.com *.aexp-static.com; worker-src 'self' *.aexp.com *.americanexpress.com *.aexp-static.com blob:; frame-ancestors 'none'; frame-src blob: aexp.demdex.net *.idfy.io *.idfy.no *.americanexpress.com service.maxymiser.net *.aexp-static.com staging.cdn-net.com www.cdn-net.com *.bf.dynatrace.com api.securedvisit.com https://8627703.fls.doubleclick.net https://189445.fls.doubleclick.net https://14859086.fls.doubleclick.net https://5059743.fls.doubleclick.net https://15058099.fls.doubleclick.net https://8538740.fls.doubleclick.net https://14245440.fls.doubleclick.net https://9145004.fls.doubleclick.net https://15014717.fls.doubleclick.net https://www.goole.com https://www.google.ad https://www.google.cat https://td.doubleclick.net https://www.googletagmanager.com; child-src blob:,"max-age=63072000; includeSubDomains, max-age=31536000; includeSubDomains",SAMEORIGIN,"nosniff, nosniff",no-referrer,,,0,
FNB South Africa,https://www.fnb.co.za,finance,global,200,https://www.fnb.co.za/,no,,2026-09-28 09:41:44,default-src 'self'; frame-src 'self' blob: data: application/pdf *.vimeo.com *.fnb.co.za *.ebucks.com app.powerbi.com authentication.cardinalcommerce.com *.fnbbotswana.co.bw *.doubleclick.net *.fnbconnect.co.za *.rmb.co.za:10443 *.fnbswaziland.co.sz:10443 *.fnbzambia.co.zm:10443 *.firstnationalbank.com.gh:10443 *.fnb.co.ls:10443 *.fnbci.co.uk:10443 *.fnbnamibia.com.na:10443 *.rmbprivatebank.com:10443 *.fnb.co.za:10443 *.rmb.co.za *.fnbswaziland.co.sz *.google.com *.gstatic.com *.fnbzambia.co.zm msgfnb.bankserv.co.za *.firstnationalbank.com.gh *.fnb.co.ls *.fnbci.co.uk *.fnbnamibia.com.na *.id.opendns.com *.rmbprivatebank.com https://*.googletagmanager.com; frame-ancestors 'self' *.fnb.co.za *.doubleclick.net https://*.fnbnamibia.com.na https://*.firstrand.co.za https://*.fnb.co.ls https://*.fnbbotswana.co.bw https://*.fnbswaziland.co.sz https://*.fnbzambia.co.zm *.rmb.co.za https://*.rmbprivatebank.com; script-src 'self' 'unsafe-inline' 'unsafe-eval' https://*.gstatic.com https://*.googletagmanager.com https://*.vimeo.com https://*.googleapis.com https://*.google-analytics.com https://*.googleadservices.com https://connect.facebook.net https://*.doubleclick.net https://*.fnb.co.za https://*.google.com https://*.google.co.za; worker-src 'self'; style-src 'self' 'unsafe-inline' https://*.googleapis.com; object-src 'self'; img-src 'self' https://*.google.com https://*.google.co.za https://www.facebook.com https://*.google-analytics.com *.doubleclick.net https://*.fnb.co.za https://*.fnbnamibia.com.na https://*.firstrand.co.za https://*.fnb.co.ls https://*.fnbbotswana.co.bw https://*.fnbswaziland.co.sz https://*.vimeocdn.com https://*.vimeo.com https://*.fnbzambia.co.zm *.rmb.co.za https://*.rmbprivatebank.com blob: data: https://*.google.co.za https://*.googletagmanager.com https://*.googleapis.com https://*.gstatic.com https://media.tenor.com https://media.giphy.com https://*.googlesyndication.com https://*.fnbconnect.co.za; media-src 'self' blob: data: https://*.fnb.co.za https://*.fnbnamibia.com.na https://*.firstrand.co.za https://*.fnb.co.ls https://*.fnbbotswana.co.bw https://*.fnbswaziland.co.sz https://*.fnbzambia.co.zm *.rmb.co.za https://*.rmbprivatebank.com https://*.cloudfront.net https://download-video.akamaized.net https://*.vimeo.com https://*.googleapis.com https://*.fnbconnect.co.za; font-src 'self' https://*.gstatic.com; connect-src 'self' https://*.fnbconnect.co.za https://eu.whatfix.com https://*.gstatic.com https://*.fnbwealthandinvestments.co.za wss://.fnbconnect.co.za:* https://*.googleapis.com https://media.tenor.com https://media.giphy.com https://*.fnb.co.za https://*.fnbnamibia.com.na https://*.firstrand.co.za https://*.fnb.co.ls https://*.fnbbotswana.co.bw https://*.fnbswaziland.co.sz https://*.fnbzambia.co.zm *.rmb.co.za https://*.rmbprivatebank.com https://*.google.com https://*.google.co.za https://*.google-analytics.com https://*.googlesyndication.com https://qa-sgtm-kdhtvzc.uc.r.appspot.com https://fnb-za-sgtm-km7z7r4k.ey.r.appspot.com *.doubleclick.net; form-action 'self' https://*.fnb.co.za https://*.fnbwealthandinvestments.co.za https://*.fnbnamibia.com.na https://*.firstrand.co.za https://*.fnbci.co.uk https://*.fnb.co.ls https://*.fnbbotswana.co.bw https://*.fnbswaziland.co.sz https://*.fnbzambia.co.zm *.rmb.co.za https://*.rmbprivatebank.com;,max-age=31536000,,,,,,,
Standard Bank Group,https://www.standardbank.com,finance,global,200,https://www.standardbank.com/sbg/standard-bank-group,yes,,2026-09-28 09:41:44,default-src 'self' 'unsafe-eval' 'unsafe-inline' https://riskfree-ratecalculator.standardbank.com/  http://cdn.fonts.net  https://standardbank.germany-2.evergage.com  https://snap.licdn.com https://cdn.evgnet.com   data: https://con.evgnet.com  https://cib.appstore.standardbank.co.za  https://www.standardbank.com  https://unpkg.com   https://www.youtube.com https://img.youtube.com  https://feeds2.iress.co.za https://df.marketdata.feeds.iress.com  https://www.google.com   *.tt.omtrdc.net  https://stream.tribeca.vidavee.com stbg.standardbank.co.za stbg.standardbank.com  stbg.standardbank.co.za stbg.standardbank.com  https://www.googleapis.com https://platform.twitter.com 3.122.158.135 18.197.87.55 18.158.66.119 18.158.9.206 52.44.37.68 *.map2.ssl.hwcdn.net *.tt.omtrdc.net api.smartrecruiters.com cdn.cookielaw.org *.onetrust.com *.fls.doubleclick.net accstandardbank.d1.sc.omtrdc.net ad.doubleclick.net analytics.twitter.com assets.adobedtm.com beacon.krxd.net https://dev.cib.appstore.standardbank.co.za bid.g.doubleclick.net/xbbe/pixel bs.serving-sys.com business.twitter.com cbks0.googleapis.com cdn.krxd.net cdnjs.cloudflare.com client.demdex.net cm.everesttech.net code.jquery.com connect.facebook.net consent.cookiebot.com/ consentcdn.cookiebot.com/ consumer.krxd.net dc.ads.linkedin.com developers.google.com digitalbanking.standardbank.co.za:8083 dpm.demdex.net fast.standardbank.demdex.net feeds.standardbank.com fonts.googleapis.com fonts.gstatic.com geo0.ggpht.com geo1.ggpht.com geo2.ggpht.com geo3.ggpht.com googleads.g.doubleclick.net i.ytimg.com img.youtube.com jslog.krxd.net khms0.googleapis.com khms1.googleapis.com maps.googleapis.com maps.gstatic.com maps.lightstoneproperty.co.za noembed.com pixel.facebook.com px.ads.linkedin.com s.ytimg.com secure-ds.serving-sys.com snap.licdn.com standardbank.demdex.net static.ads-twitter.com tpc.googlesyndication.com tribeca.vidavee.com www.facebook.com www.google.co.za www.google.com www.googleadservices.com www.googletagmanager.com www.gstatic.com www.homeloans1.standardbank.co.za www.youtube.com ; frame-ancestors 'self' https://con.evgnet.com  https://iframe.iono.fm https://standardbank.demdex.net https://td.doubleclick.net https://www.googletagmanager.com  https://www.standardbank.com  https://unpkg.com  https://df.marketdata.feeds.iress.com  consent.cookiebot.com/ consentcdn.cookiebot.com/ digitalbanking.standardbank.co.za:8083 img.youtube.com testdigitalbanking.standardbank.co.za:7083 tribeca.vidavee.com; frame-src 'self' https://con.evgnet.com  *.iono.fm *.demdex.net *.doubleclick.net https://www.googletagmanager.com   https://www.youtube-nocookie.com   https://www.standardbank.com  https://unpkg.com  https://www.youtube.com https://img.youtube.com  https://df.marketdata.feeds.iress.com  https://stream.tribeca.vidavee.com https://syndication.twitter.com/ https://www.facebook.com/ https://platform.twitter.com/ https://web.facebook.com/ https://careers-v1.peopleclick.com/ https://careers.peopleclick.eu.com/;,max-age=31536000; includeSubDomains,SAMEORIGIN,,strict-origin,,,1; mode=block,
World Bank,https://www.worldbank.org,government,global,200,https://www.worldbank.org/ext/en/home,yes,,2026-09-28 09:41:44,,max-age=63072000; includeSubDomains,SAMEORIGIN,nosniff,,,,1; mode=block,
IMF,https://www.imf.org,government,global,403,https://www.imf.org/,no,,2026-09-28 09:41:44,,max-age=31536000,,,,,,,
UN,https://www.un.org,government,global,200,https://www.un.org/,no,,2026-09-28 09:41:44,frame-ancestors 'self' https://*.un.org;,max-age=31536000,SAMEORIGIN,nosniff,strict-origin-when-cross-origin,,,1; mode=block,
US Treasury,https://home.treasury.gov,government,global,200,https://home.treasury.gov/,no,,2026-09-28 09:41:44,,max-age=31536000 ; includeSubDomains ; preload,DENY,nosniff,strict-origin-when-cross-origin,,,1; mode=block,
Gov UK,https://www.gov.uk,government,global,200,https://www.gov.uk/,no,,2026-09-28 09:41:45,default-src 'self'; base-uri 'none'; script-src 'self' www.google-analytics.com ssl.google-analytics.com stats.g.doubleclick.net www.googletagmanager.com www.region1.google-analytics.com region1.google-analytics.com www.google.co.uk analytics.google.com *.analytics.google.com www.google.com www.gstatic.com *.ytimg.com www.youtube.com www.youtube-nocookie.com 'nonce-UAm4yh5wEZW7ZagcUaFNkQ=='; style-src 'self' www.gstatic.com; font-src 'self'; object-src 'none'; frame-src 'self' *.publishing.service.gov.uk www.gov.uk *.dev.gov.uk www.youtube.com www.youtube-nocookie.com; frame-ancestors 'self' *.publishing.service.gov.uk www.gov.uk *.dev.gov.uk; report-uri https://csp-reporter.publishing.service.gov.uk/report; img-src 'self' *.publishing.service.gov.uk www.gov.uk *.dev.gov.uk www.google-analytics.com ssl.google-analytics.com stats.g.doubleclick.net www.googletagmanager.com www.region1.google-analytics.com region1.google-analytics.com www.google.co.uk analytics.google.com *.analytics.google.com www.google.com lux.speedcurve.com assets.digital.cabinet-office.gov.uk https://img.youtube.com https://i.ytimg.com https://api.os.uk data: https://tiles.openfreemap.org data:; connect-src 'self' *.publishing.service.gov.uk www.gov.uk *.dev.gov.uk www.google-analytics.com ssl.google-analytics.com stats.g.doubleclick.net www.googletagmanager.com www.region1.google-analytics.com region1.google-analytics.com www.google.co.uk analytics.google.com *.analytics.google.com www.google.com lux.speedcurve.com beacon.speedcurve.com https://tiles.openfreemap.org data:,max-age=31536000; preload,SAMEORIGIN,nosniff,strict-origin-when-cross-origin,interest-cohort=(),,0,
EU Commission,https://ec.europa.eu,government,global,200,https://commission.europa.eu/select-language?destination=/node/1,yes,,2026-09-28 09:41:45,,max-age=31536000; includeSubDomains; preload;,SAMEORIGIN,nosniff,,,,,
MIT,https://www.mit.edu,education,global,200,https://www.mit.edu/,no,,2026-09-28 09:41:45,frame-ancestors 'self' https://web.mit.edu https://www.mit.edu http://web.mit.edu http://www.mit.edu,max-age=600,SAMEORIGIN,,,,,,
Harvard University,https://www.harvard.edu,education,global,200,https://www.harvard.edu/,no,,2026-09-28 09:41:45,,,,,,,,,
Stanford University,https://www.stanford.edu,education,global,200,https://www.stanford.edu/,no,,2026-09-28 09:41:45,default-src 'self'; script-src 'nonce-QtiU9gH/2AKWF3jVw7yhyIZj4kPcw45a' 'unsafe-eval' 'strict-dynamic' 'unsafe-inline' 'self' https: http: 'self' 'strict-dynamic' https://*.googletagmanager.com https://www.googletagmanager.com https://tagmanager.google.com https://www.googleadservices.com https://pagead2.googlesyndication.com https://googleads.g.doubleclick.net https://www.google.com https://*.contentsquare.net https://k.ba.contentsquare.net; style-src 'self' 'unsafe-inline' https: https://fonts.googleapis.com https://googletagmanager.com https://tagmanager.google.com; img-src 'self' blob: data: https: https://a-us.storyblok.com https://a2-us.storyblok.com https://a.storyblok.com https://*.google-analytics.com https://*.googletagmanager.com https://*.g.doubleclick.net https://www.google.com https://google.com https://ssl.gstatic.com https://www.gstatic.com; font-src 'self' data: https://fonts.gstatic.com https://*.contentsquare.net; connect-src 'self' https://*.netlify.app https://api.storyblok.com https://cdn.storyblok.com https://*.google-analytics.com https://*.analytics.google.com https://*.googletagmanager.com https://*.g.doubleclick.net https://pagead2.googlesyndication.com https://www.googleadservices.com https://googleads.g.doubleclick.net https://ad.doubleclick.net https://www.google.com https://google.com https://*.contentsquare.net; media-src 'self' https://a-us.storyblok.com https://a2-us.storyblok.com https://a.storyblok.com blob:; frame-src https://www.youtube.com https://youtube.com https://app.netlify.com https://www.googletagmanager.com https://*.contentsquare.net https://k.ba.contentsquare.net; frame-ancestors 'none'; base-uri 'self'; form-action 'self'; object-src 'none'; upgrade-insecure-requests; report-uri /.netlify/functions/__csp-violations,max-age=31536000; includeSubDomains; preload,DENY,nosniff,origin-when-cross-origin,"vibrate=(), geolocation=(self), midi=(), notifications=(), push=(), microphone=(), camera=(), magnetometer=(), gyroscope=(), speaker=()",,,
University of Oxford,https://www.ox.ac.uk,education,global,403,https://www.ox.ac.uk/,no,,2026-09-28 09:41:45,default-src 'none'; script-src 'nonce-2R0TVIFmj0oXmVXg6aXRv4' 'unsafe-eval' https://challenges.cloudflare.com; script-src-attr 'none'; style-src 'unsafe-inline'; img-src 'self' https://challenges.cloudflare.com; connect-src 'self' https://challenges.cloudflare.com; frame-src 'self' https://challenges.cloudflare.com blob:; child-src 'self' https://challenges.cloudflare.com blob:; worker-src blob:; form-action http: https:; base-uri 'self',max-age=2592000,SAMEORIGIN,nosniff,same-origin,"accelerometer=(),camera=(),clipboard-read=(),clipboard-write=(),geolocation=(),gyroscope=(),hid=(),magnetometer=(),microphone=(),payment=(),publickey-credentials-get=(),screen-wake-lock=(),serial=(),sync-xhr=(),usb=(),xr-spatial-tracking=*",,,
University of Cape Town,https://www.uct.ac.za,education,global,200,https://www.uct.ac.za/,no,,2026-09-28 09:41:45,,,SAMEORIGIN,"nosniff, nosniff",,,,,
University of Pretoria,https://www.up.ac.za,education,global,403,https://www.up.ac.za/,no,,2026-09-28 09:41:45,,,SAMEORIGIN,,same-origin,,,,
Mzansi Tech Hub,https://www.mzansitechhub.co.za,commercial,global,200,https://mzansitechhub.co.za/password,yes,,2026-09-28 09:41:45,block-all-mixed-content; frame-ancestors 'none'; upgrade-insecure-requests;,max-age=7889238,DENY,nosniff,,,,1; mode=block,
Jumia,https://www.jumia.co.mz,commercial,global,200,https://group.jumia.com/,yes,,2026-09-28 09:41:45,,,SAMEORIGIN,nosniff,strict-origin-when-cross-origin,,,1; mode=block,
Jumia Nigeria,https://www.jumia.com.ng,commercial,global,403,https://www.jumia.com.ng/,no,,2026-09-28 09:41:46,default-src 'none'; script-src 'nonce-lM6hAkeO48uxyBsOZFLsov' 'unsafe-eval' https://challenges.cloudflare.com; script-src-attr 'none'; style-src 'unsafe-inline'; img-src 'self' https://challenges.cloudflare.com; connect-src 'self' https://challenges.cloudflare.com; frame-src 'self' https://challenges.cloudflare.com blob:; child-src 'self' https://challenges.cloudflare.com blob:; worker-src blob:; form-action http: https:; base-uri 'self',max-age=31536000; includeSubDomains; preload,SAMEORIGIN,nosniff,same-origin,"accelerometer=(),camera=(),clipboard-read=(),clipboard-write=(),geolocation=(),gyroscope=(),hid=(),magnetometer=(),microphone=(),payment=(),publickey-credentials-get=(),screen-wake-lock=(),serial=(),sync-xhr=(),usb=(),xr-spatial-tracking=*",,,
Takealot,https://www.takealot.com,commercial,global,403,https://www.takealot.com/,no,,2026-09-28 09:41:46,default-src 'none'; script-src 'nonce-SfEHvi7LZ2gKTQGw9FG7vj' 'unsafe-eval' https://challenges.cloudflare.com; script-src-attr 'none'; style-src 'unsafe-inline'; img-src 'self' https://challenges.cloudflare.com; connect-src 'self' https://challenges.cloudflare.com; frame-src 'self' https://challenges.cloudflare.com blob:; child-src 'self' https://challenges.cloudflare.com blob:; worker-src blob:; form-action http: https:; base-uri 'self',max-age=2592000,SAMEORIGIN,nosniff,same-origin,"accelerometer=(),camera=(),clipboard-read=(),clipboard-write=(),geolocation=(),gyroscope=(),hid=(),magnetometer=(),microphone=(),payment=(),publickey-credentials-get=(),screen-wake-lock=(),serial=(),sync-xhr=(),usb=(),xr-spatial-tracking=*",,,
Mercado Livre,https://www.mercadolivre.com.br,commercial,global,200,https://www.mercadolivre.com.br/,no,,2026-09-28 09:41:46,"script-src 'nonce-1FxxDmgIKGCauO9Na1YbGw==' 'strict-dynamic' 'unsafe-eval' https: 'unsafe-inline' 'report-sample'; base-uri 'none'; report-uri https://events.mercadolibre.com/csp/reports?identifier=Avyj0s3p2xLmT5-RgQyIZUpiMPPIj-yXZLCxxnrr3OyTIo4PSsnS5jU9g3thAQWKptWJ&policy_id=95&user_id=&request_id=4ffd8016-601f-41b7-b4a7-71330674f914; report-to csp-endpoint-avyjspxlmtrgqyizupimppijyxzlcxxnrroytiopssnsjugthaqwkptwj; object-src https://http2.mlstatic.com/ https://mlstaticquic-a.akamaihd.net/, script-src 'self' 'unsafe-inline' 'unsafe-eval' blob: mercadolibre.com.ar *.mercadolibre.com.ar mercadolibre.com.mx *.mercadolibre.com.mx mercadolibre.com.co *.mercadolibre.com.co mercadopago.com *.mercadopago.com credithub.com.br *.credithub.com.br gstatic.com *.gstatic.com js-agent.newrelic.com *.js-agent.newrelic.com siteintercept.qualtrics.com *.siteintercept.qualtrics.com google-analytics.com *.google-analytics.com facebook.net *.facebook.net googletagmanager.com *.googletagmanager.com criteo.com *.criteo.com googleapis.com *.googleapis.com cloudflare.com *.cloudflare.com jsdelivr.net *.jsdelivr.net mercadolibre.com.ec *.mercadolibre.com.ec hotjar.com *.hotjar.com youtube.com *.youtube.com tiktok.com *.tiktok.com jquery.com *.jquery.com creativecdn.com *.creativecdn.com bing.com *.bing.com liftoffintl.io *.liftoffintl.io datadoghq-browser-agent.com *.datadoghq-browser-agent.com ads-twitter.com *.ads-twitter.com mercadolibre.com.pa *.mercadolibre.com.pa mercadolibre.com.do *.mercadolibre.com.do mercadolibre.com.py *.mercadolibre.com.py mercadolibre.co.cr *.mercadolibre.co.cr segreencolumn.com *.segreencolumn.com googlesyndication.com *.googlesyndication.com pinimg.com *.pinimg.com mercadolibre.com *.mercadolibre.com pinterest.com *.pinterest.com http2.mlstatic.com *.http2.mlstatic.com mercadolivre.com.br *.mercadolivre.com.br googleadservices.com *.googleadservices.com doubleclick.net *.doubleclick.net googletagservices.com *.googletagservices.com mercadolibre.com.uy *.mercadolibre.com.uy mercadolibre.cl *.mercadolibre.cl mercadolibre.com.ve *.mercadolibre.com.ve mercadolibre.com.pe *.mercadolibre.com.pe mercadolibre.com.bo *.mercadolibre.com.bo mercadolibre.com.gt *.mercadolibre.com.gt mercadolibre.com.hn *.mercadolibre.com.hn mercadolibre.com.sv *.mercadolibre.com.sv mercadolibre.com.ni *.mercadolibre.com.ni newrelic.com *.newrelic.com google.com *.google.com adsafeprotected.com *.adsafeprotected.com doubleverify.com *.doubleverify.com fullstory.com *.fullstory.com; report-uri https://events.mercadolibre.com/csp/reports?identifier=Avyj0s3p2xLmT5-RgQyIZUpiMPPIj-yXZLCxxnrr3OyTIo4PSsnS5jU9g3thAQWKptWJ&policy_id=34182&user_id=&request_id=4ffd8016-601f-41b7-b4a7-71330674f914; report-to csp-endpoint-avyjspxlmtrgqyizupimppijyxzlcxxnrroytiopssnsjugthaqwkptwj",max-age=63072000; includeSubDomains; preload,,nosniff,no-referrer-when-downgrade,,script-src 'nonce-1FxxDmgIKGCauO9Na1YbGw==' 'strict-dynamic' 'unsafe-eval' 'unsafe-inline' https: 'report-sample'; base-uri 'none'; report-uri https://events.mercadolibre.com/csp/reports?identifier=Avyj0s3p2xLmT5-RgQyIZUpiMPPIj-yXZLCxxnrr3OyTIo4PSsnS5jU9g3thAQWKptWJ&policy_id=28711&user_id=&request_id=4ffd8016-601f-41b7-b4a7-71330674f914; report-to csp-endpoint-avyjspxlmtrgqyizupimppijyxzlcxxnrroytiopssnsjugthaqwkptwj; object-src https://http2.mlstatic.com/ https://mlstaticquic-a.akamaihd.net/; frame-ancestors 'self' https://*.mercadolibre.cl:* https://*.mercadolibre.com:* https://*.mercadolibre.com.ve:* https://*.mercadolibre.com.ar:* https://*.mercadolivre.com.br:* https://*.mercadolibre.com.co:* https://*.mercadolibre.com.ec:* https://*.mercadolibre.com.mx:* https://*.mercadolibre.com.pe:* https://*.mercadolibre.com.uy:* https://*.mercadopago.cl:* https://*.mercadopago.com.ar:* https://*.mercadopago.com.br:* https://*.mercadopago.com.co:* https://*.mercadopago.com.mx:* https://*.mercadopago.com.pe:* https://*.mercadopago.com.uy:* https://*.mercadopago.com.ve:* https://*.mercadopago.com:* https://*.adminml.com:* https://*.mercadolibre.co.cr:* https://*.mercadolibre.com.pa:* https://*.mercadolibre.com.do:* https://*.mercadolibre.com.bo:* https://*.mercadolibre.com.py:* https://*.mercadolibre.com.gt:* https://*.mercadolibre.com.hn:* https://*.mercadolibre.com.ni:* https://*.mercadolibre.com.sv:* https://*.mercadopago.com.ec:* https://*.portalinmobiliario.com:* https://*.mercadolivre.com:*,1; mode=block,
